#{"t_start": 1736966677.3145978, "env_id": "None"}
r,l,t
17.663329,412,2.832551
23.840262,378,4.486653
17.602522,444,6.313301
7.911975,400,8.060302
13.781572,346,9.791398
13.471946,370,12.405437
17.964562,440,14.228985
7.653376,290,15.81105
17.942697,406,17.587723
21.607918,275,19.265784
15.577717,390,21.843612
10.494385,454,23.639807
23.110267,294,25.332671
14.432816,330,27.041952
17.586452,417,28.872165
8.852351,554,31.776177
13.471352,460,33.54236
25.703627,312,35.230467
5.880061,298,36.91668
8.849448,413,38.734389
11.287977,433,40.595528
20.153073,227,43.113195
23.387651,282,44.796243
15.144525,337,46.542392
16.67073,377,48.341233
15.55827,350,50.105478
20.057978,503,52.034962
25.480796,320,54.706187
20.949241,236,56.358612
14.642416,337,58.103252
7.848399,434,59.972741
17.157877,356,61.743184
23.316307,257,63.405571
14.93835,364,66.088144
16.920728,331,67.784432
17.323607,416,69.59552
11.908849,399,71.391282
15.13812,410,73.165663
13.897908,374,75.806112
14.344792,319,77.502609
16.151336,415,79.346687
17.932855,509,81.238174
20.600197,198,82.849516
22.118133,231,84.47059
17.302727,446,87.191136
16.567256,323,88.90606
17.019185,455,90.776606
17.35411,393,92.558885
14.159122,401,94.340721
8.974987,500,97.136385
15.573705,295,98.79059
17.286833,423,100.620351
14.71905,403,102.409913
21.867822,448,104.24419
22.968524,248,105.891405
15.041914,368,108.554133
16.513137,371,110.333232
16.026618,426,112.169058
15.370063,401,113.961176
25.150277,267,115.636958
15.487684,406,118.388544
13.141328,345,120.1279
16.782954,364,121.880318
15.641246,385,123.621293
12.888766,344,125.371747
27.002853,298,127.085112
19.279383,180,129.49974
16.687396,319,131.225835
13.292113,358,132.987517
19.723728,177,134.578268
23.51757,224,136.204832
9.525137,383,137.996779
15.862469,372,139.774777
13.075229,376,142.465764
9.514169,407,144.251883
19.491519,364,146.037681
21.017522,192,147.641787
20.376722,223,149.259967
12.363904,280,150.929188
27.231233,598,153.889877
23.549356,232,155.510401
15.783092,359,157.263858
17.127393,331,159.006647
17.173556,368,160.784116
12.660032,359,162.535335
18.695415,321,165.219257
11.113561,293,166.900519
15.349494,350,168.664761
15.829446,367,170.409819
14.452186,338,172.14506
20.9639,176,173.726982
15.275677,339,175.469901
26.00829,486,178.243253
16.728881,414,180.058356
14.297469,417,181.881633
16.001262,315,183.610231
15.937842,329,185.326764
23.107254,197,187.811432
20.44046,424,189.589181
16.983783,349,191.357192
17.13352,394,193.135127
15.01321,302,194.831583
28.227652,335,196.561666
16.121906,308,199.195424
25.123122,263,200.792818
16.377695,370,202.544717
21.497477,182,204.113528
26.995764,297,205.820783
22.843882,194,207.409597
17.789208,345,209.159343
17.682356,337,211.791251
21.358763,169,213.363751
16.097111,359,215.114383
12.956326,369,216.886167
25.243468,239,218.501657
18.93382,361,220.281614
23.303921,196,221.861635
22.017856,177,223.43964
17.058043,397,226.132315
16.961648,366,227.889299
14.625395,303,229.579243
14.811865,336,231.30403
24.769741,215,232.916931
18.760357,325,234.645569
17.842671,296,237.193875
29.113488,358,238.943101
13.773159,373,240.701347
25.962704,224,242.344301
18.151738,319,244.068028
16.278952,377,245.850127
18.522158,299,247.556148
27.761596,244,250.111888
19.994545,165,251.664137
19.398066,143,253.191982
16.296683,289,254.873217
25.962708,227,256.509491
19.197428,161,258.085964
22.541607,180,259.673537
18.868685,386,261.445318
23.157996,204,263.012623
21.153582,159,265.426681
16.016449,342,267.139865
26.028733,294,268.824276
16.730018,371,270.582612
16.973753,390,272.379
21.029183,170,273.931692
17.370969,299,275.625543
16.101524,343,278.269315
15.586969,323,279.994404
25.231431,210,281.567913
18.173768,131,283.112197
16.565715,290,284.792844
14.683527,340,286.518928
16.489187,370,288.310569
15.398424,276,290.875075
26.989334,257,292.514849
17.471565,377,294.288417
22.585953,177,295.879912
26.019065,242,297.483073
16.808961,354,299.236746
14.649162,366,300.884365
18.030641,134,302.389934
16.426668,348,305.073507
16.602149,279,306.756757
23.139127,193,308.357875
22.414533,185,309.94766
23.127499,183,311.51159
24.114625,197,313.106825
17.855414,335,314.827288
24.29056,194,316.38917
20.959544,163,318.832128
18.27906,342,320.582945
16.533662,330,322.304199
24.478209,434,324.144691
27.02134,269,325.820532
27.419498,245,327.468791
18.203861,281,329.145384
26.453027,228,331.676382
19.227136,435,333.488687
18.959924,346,335.240056
17.268617,307,336.951372
18.038431,315,338.658507
20.664961,173,340.23941
14.806721,358,341.999557
22.385041,178,344.490959
23.237501,181,346.042105
18.486222,135,347.563565
15.163553,270,349.23713
17.658557,352,350.963016
27.927501,235,352.588656
17.627526,315,354.291324
23.540387,186,355.868229
17.340194,263,358.430285
16.746794,344,360.150708
16.837725,370,361.929805
15.191722,282,363.623044
21.998418,187,365.201645
21.458544,164,366.767359
17.276924,362,368.519234
17.292131,346,371.117109
19.405037,153,372.643238
22.523687,169,374.217264
27.338271,271,375.892886
18.005166,370,377.645133
20.496187,353,379.39214
17.868255,338,381.107641
17.67407,264,382.778892
18.218826,283,385.317241
26.957171,242,386.943097
23.135514,187,388.517099
19.03627,133,390.044935
23.979541,202,391.644492
19.657013,302,393.344788
16.719673,316,395.053437
22.32261,176,396.619336
25.704799,241,398.266676
25.516899,235,400.856259
24.197782,192,402.435607
19.375169,316,404.171898
24.126845,211,405.750348
19.282725,330,407.492062
17.559167,266,409.149925
26.436358,223,410.782186
17.696079,299,412.491944
21.593151,181,414.966246
17.644137,300,416.658781
19.038641,306,418.37668
20.994648,179,419.940579
23.549264,203,421.54639
18.819556,159,423.106028
25.628023,239,424.750323
20.950682,168,426.334134
24.033112,413,428.987864
21.444224,154,430.514368
21.997015,209,432.089463
27.438722,235,433.709034
20.659375,177,435.283617
19.280976,155,436.836938
22.434375,230,438.474811
21.714421,175,440.034512
23.706051,210,441.656289
20.130252,139,443.197998
17.300451,250,444.865335
18.389154,255,447.453161
19.94347,142,448.991635
18.415351,342,450.734917
19.282327,151,452.297133
23.374961,180,453.884694
19.541249,355,455.631076
24.8097,248,457.29297
11.705667,171,458.86165
19.033271,131,460.392933
20.170183,163,462.870779
17.974945,347,464.615097
19.674017,136,466.165119
21.782025,265,467.825329
22.963325,167,469.380162
20.143247,139,470.916415
17.916938,341,472.674242
20.999496,228,474.270865
21.158248,149,475.824958
14.357934,225,477.453018
24.614641,185,479.973793
14.075589,236,481.625136
26.100552,210,483.236585
20.14811,141,484.769352
20.363037,150,486.327472
25.550669,196,487.905802
27.219475,221,489.514858
21.526917,151,491.062683
22.414927,199,492.641739
26.252558,257,494.296246
20.639319,150,496.767654
21.3516,175,498.307143
22.035478,164,499.860417
16.831979,311,501.581545
21.13855,154,503.151671
26.703465,206,504.764792
24.782099,217,506.376269
21.51978,155,507.932908
18.191028,123,509.469619
22.012948,171,511.058367
18.130851,118,512.560338
17.215552,346,515.250307
23.313631,168,516.810522
22.408096,161,518.366003
22.8807,196,519.973382
27.346927,215,521.590602
17.979397,118,523.113796
20.950448,150,524.660191
16.957989,253,526.312173
25.534525,194,527.899445
18.834643,368,529.683674
22.295027,169,532.158802
21.3618,155,533.667253
22.994073,182,535.258551
26.425478,239,536.899843
18.95047,289,538.591048
22.409491,166,540.169202
25.078991,212,541.771631
18.892893,432,543.587322
25.470599,189,545.179963
20.122096,455,547.971768
26.71713,210,549.585814
21.327079,149,551.125226
24.792453,230,552.739729
22.985026,173,554.315936
19.791598,515,556.209489
27.225094,246,557.83605
20.177436,161,559.406432
20.115501,140,561.84967
17.000112,260,563.469469
25.100059,207,565.101186
18.293418,392,566.882861
22.127398,161,568.455091
18.354199,350,570.193409
18.981418,128,571.689441
18.370042,277,573.36743
23.951204,189,575.815373
25.102994,216,577.424537
21.062678,165,578.992266
17.390187,260,580.656308
20.335167,139,582.183198
26.812152,198,583.772643
27.057725,229,585.40482
27.043773,212,587.008073
20.373475,146,588.55868
27.058756,214,590.166305
21.11598,156,591.697398
23.18489,225,594.201547
18.412612,323,595.912088
24.237242,176,597.451244
16.271389,208,599.049148
21.015974,142,600.586437
17.893697,263,602.255536
27.786462,215,603.871114
27.951507,215,605.491801
24.930733,187,607.081611
18.98846,127,608.621697
18.839882,128,611.004741
20.393718,146,612.523358
18.959505,127,614.05625
28.226199,256,615.714214
18.148838,124,617.2499
26.082924,224,618.880528
24.967616,192,620.465605
26.718979,222,622.081647
23.920889,176,623.666616
26.231622,194,625.270911
18.153089,117,626.795063
23.755285,194,629.297964
18.211206,131,630.824601
25.538168,215,632.436338
23.067741,169,634.010759
23.376689,198,635.60643
22.362735,173,637.164887
17.355004,276,638.835935
18.845046,235,640.466202
23.96381,179,642.056264
23.022444,165,643.622761
20.090693,138,645.168612
21.093863,149,646.728268
19.747099,146,649.208955
26.995628,226,650.814854
25.933892,203,652.4383
23.191048,207,654.050138
26.045936,214,655.654103
15.339302,251,657.312516
25.108049,197,658.907046
17.111928,259,660.569486
16.209146,245,662.220935
24.026638,183,664.707097
18.179483,268,666.360783
25.617231,236,667.978019
22.09854,164,669.519108
26.407446,203,671.109791
24.969962,192,672.699124
26.070841,220,674.299297
23.815725,183,675.870053
22.911917,162,677.438635
27.022139,219,679.048213
25.083044,217,681.591089
20.17238,141,683.121435
17.141549,270,684.794361
19.359856,134,686.310859
19.35636,332,688.014496
25.152027,183,689.60317
22.095501,157,691.147806
19.12439,247,692.806328
18.471734,118,694.308588
18.900126,259,695.957139
23.227735,169,698.437581
22.563463,171,699.967354
28.277117,252,701.612938
19.72057,130,703.12306
22.031093,156,704.683448
27.10457,226,706.31676
22.036334,153,707.882486
27.301655,222,709.49827
24.975436,188,711.095918
26.027629,192,712.70276
21.936994,154,714.263148
17.596272,270,716.826387
26.700107,200,718.388302
26.843188,229,720.006853
25.068518,187,721.593183
22.439916,172,723.165593
15.985422,258,724.836001
23.715189,189,726.428655
26.844135,228,728.050039
25.968869,199,729.63901
24.453909,176,731.215911
21.032367,146,733.654869
26.839892,194,735.262094
26.992087,200,736.858842
27.018802,210,738.449372
18.831793,237,740.093717
28.234281,252,741.72355
19.436023,130,743.255981
22.577481,185,744.83617
25.594321,208,746.429448
24.633765,171,748.014286
23.00896,168,749.594072
18.235189,242,752.125382
23.710512,167,753.674623
24.286441,185,755.267185
19.240532,143,756.819499
19.259151,140,758.330968
21.799406,191,759.902022
19.371097,135,761.425323
19.707931,132,762.940396
24.520333,180,764.521496
18.196028,239,766.171445
24.80851,185,767.740217
26.989822,228,770.224349
27.001344,227,771.801717
16.486011,325,773.536275
17.009747,320,775.239037
17.993797,115,776.759107
18.278277,235,778.357935
21.679095,200,779.956809
22.414442,188,781.530433
17.7418,245,783.16526
22.393356,169,785.596944
22.897394,157,787.147347
16.481184,313,788.87121
15.590724,279,790.549877
17.033952,256,792.225637
18.175216,122,793.733842
20.343034,134,795.274753
16.557266,281,796.954941
28.692657,212,798.555138
23.293782,162,800.107101
23.007134,166,802.60199
25.017964,191,804.167122
19.964594,137,805.696047
18.968601,127,807.236979
18.863991,241,808.879203
16.856575,335,810.624953
23.961591,197,812.23031
18.247593,268,813.912466
19.003382,124,815.448512
17.170644,331,817.188868
23.684732,169,819.64109
24.104343,175,821.21009
22.0343,156,822.763793
21.487386,161,824.33567
24.738246,179,825.908157
22.275114,163,827.437839
25.999867,223,829.030442
22.869582,180,830.619931
25.946399,209,832.242877
25.096591,208,833.834528
17.009227,364,836.494647
25.054913,189,838.047191
18.996775,121,839.580472
26.019785,214,841.206486
18.029358,115,842.709002
22.893186,162,844.248999
20.939753,145,845.802233
23.992176,182,847.388662
18.169658,117,848.895324
21.898596,149,850.456977
17.967823,116,851.98789
21.967052,154,853.532201
23.996251,185,855.112042
20.386995,163,857.569926
23.817374,182,859.153895
17.517112,278,860.810068
25.485079,191,862.391673
25.990556,214,863.979926
22.023456,151,865.522837
17.849477,277,867.199717
26.208017,194,868.786922
24.986607,190,870.380182
22.553855,173,871.955861
21.100146,141,874.383319
20.155649,137,875.913134
29.062832,228,877.555527
26.069134,197,879.153642
26.85482,217,880.754383
17.992493,118,882.227089
23.199975,183,883.809392
20.918696,143,885.331817
18.804583,129,886.852776
20.164885,151,888.393713
24.47832,177,889.963613
26.981256,222,891.5973
26.255395,197,894.134923
25.259817,194,895.702108
23.987013,176,897.281176
23.178995,175,898.869255
27.082598,217,900.493297
23.262993,165,902.053996
18.944801,122,903.580652
26.447907,201,905.171101
21.47279,156,906.732284
19.751103,136,908.261293
25.970625,198,909.873122
24.793143,176,911.432235
23.822302,182,913.88114
20.643898,136,915.359248
20.940572,143,916.901209
20.388597,163,918.432081
21.109218,144,919.965823
17.934101,114,921.490183
18.144777,117,923.007542
17.259074,256,924.641084
26.20933,200,926.221441
18.518212,294,927.900817
22.114476,152,929.456618
27.334182,203,931.968524
16.72507,643,934.002479
28.252432,212,935.600302
22.034643,159,937.145991
18.288153,266,938.812637
26.058433,198,940.42248
21.568894,154,941.939319
28.288764,251,943.586204
24.222072,172,946.030363
22.576493,168,947.571569
23.861276,189,949.157995
26.064363,214,950.753631
21.025666,173,952.333282
21.135917,150,953.874053
23.997088,178,955.451558
25.523533,188,957.04628
21.721853,195,958.662369
25.634012,215,960.286276
21.012473,147,961.843127
23.76074,192,963.430966
25.691216,182,965.903351
27.430275,233,967.498995
19.99758,140,969.028484
24.244562,194,970.643909
20.393049,158,972.21705
27.351117,243,973.868713
20.160307,139,975.411688
22.589893,184,977.004133
18.975346,124,978.513164
23.993498,173,980.095791
26.380682,192,981.682283
21.722812,155,984.180896
25.986296,187,985.743104
15.347,222,987.342937
17.973905,115,988.856838
14.126152,269,990.530188
25.99821,187,992.126538
22.010564,166,993.690322
17.951719,115,995.208085
26.211862,198,996.787719
18.297658,318,998.489518
26.077757,210,1000.079964
20.390692,138,1002.481061
21.3404,146,1004.019399
25.554034,188,1005.612505
26.250956,202,1007.205264
14.353621,248,1008.854537
25.718707,201,1010.465911
24.968209,190,1012.059695
26.047815,188,1013.62747
16.767614,291,1015.325335
24.028473,175,1016.86757
26.419377,209,1019.343347
17.62925,273,1020.961846
22.369663,153,1022.50995
21.418498,150,1024.08002
23.472155,165,1025.656237
22.858669,160,1027.217864
26.213002,194,1028.816127
22.018325,159,1030.381905
24.219801,170,1031.922431
25.640382,190,1033.492713
21.956379,161,1035.034721
21.702284,191,1037.509647
23.957094,175,1039.046809
24.195038,185,1040.607385
21.937277,156,1042.170663
21.916077,152,1043.722656
22.879567,173,1045.276544
20.584223,139,1046.815122
19.726677,129,1048.35153
24.760551,195,1049.951814
24.556295,173,1051.527506
21.022129,143,1053.084004
26.209191,191,1054.685477
21.064603,154,1056.228787
26.050911,195,1058.69227
20.952531,147,1060.217387
21.016201,166,1061.787624
24.633191,201,1063.390286
24.090534,169,1064.95298
21.203167,166,1066.521263
25.10654,182,1068.103961
22.274265,157,1069.629531
19.73758,130,1071.168558
23.554121,185,1072.722135
19.721415,131,1074.257094
26.456894,217,1075.863769
18.144511,115,1078.313527
22.00519,169,1079.875289
26.996402,199,1081.430215
23.381683,177,1082.994715
24.781841,177,1084.564077
28.310559,225,1086.203253
24.252556,183,1087.770347
23.699584,168,1089.340254
24.262696,192,1090.935351
28.196593,209,1092.544706
21.986197,150,1094.102348
26.410035,204,1096.593959
21.190462,149,1098.135843
25.129025,179,1099.702936
19.79234,134,1101.239812
24.240252,174,1102.814693
20.114154,133,1104.357737
27.02379,213,1105.949381
25.116234,194,1107.558846
23.295225,180,1109.136629
26.027658,196,1110.716712
28.305438,232,1112.336704
19.745178,128,1113.868658
22.544303,154,1116.307952
26.101609,192,1117.857116
22.319573,151,1119.38748
21.076151,154,1120.945997
19.711383,137,1122.493279
27.628175,219,1124.124783
26.215403,194,1125.698472
18.856078,238,1127.344675
22.853311,174,1128.912394
19.977421,131,1130.419782
27.670908,217,1132.039425
27.919381,206,1134.48528
25.210246,181,1136.035446
21.496231,146,1137.569869
22.94411,160,1139.129557
18.152156,114,1140.654606
18.166889,119,1142.15599
27.589139,203,1143.73593
25.983035,208,1145.327907
19.293025,136,1146.872824
18.832311,130,1148.400514
20.648864,149,1149.953387
24.94161,184,1151.534818
24.97931,193,1153.128156
24.794645,173,1155.607598
27.932217,212,1157.154104
22.367572,154,1158.683441
24.482082,177,1160.261201
25.461313,180,1161.853227
24.755785,177,1163.415123
27.356946,209,1165.029943
18.893835,240,1166.682295
19.798721,140,1168.21077
28.149584,204,1169.827247
19.347005,126,1171.331965
27.09361,208,1173.786146
27.307343,196,1175.349312
22.51457,153,1176.903475
28.660273,223,1178.520412
26.092399,197,1180.117675
12.931878,188,1181.692807
26.007105,194,1183.280923
28.271123,206,1184.888249
25.485214,186,1186.470553
24.423038,173,1188.044377
22.880414,156,1189.605032
26.884656,190,1192.022308
21.717916,180,1193.570081
25.604747,198,1195.152489
24.971571,177,1196.71768
20.660177,138,1198.261807
28.225142,218,1199.895738
25.021053,177,1201.477637
23.501898,163,1203.033492
21.08629,142,1204.581321
25.62273,199,1206.188987
26.45569,204,1207.770042
19.746021,138,1209.294046
19.433082,140,1211.707217
20.985344,143,1213.215626
21.130727,144,1214.765428
19.752927,131,1216.304804
25.057861,177,1217.881249
18.970792,126,1219.415747
27.761157,202,1221.006892
22.320481,161,1222.560476
24.012561,172,1224.138751
25.126718,176,1225.69912
24.241381,181,1227.270293
26.996636,206,1228.877055
25.10402,176,1231.361392
24.13754,169,1232.925792
25.087054,181,1234.512938
22.593184,160,1236.078916
18.124992,316,1237.792976
22.276651,150,1239.334335
19.140595,124,1240.843464
18.848288,125,1242.365418
25.089325,178,1243.934559
23.255495,164,1245.49535
20.15222,137,1247.040947
18.154586,119,1248.542171
23.401491,174,1251.048825
26.460721,201,1252.619282
23.205747,186,1254.172095
26.46249,193,1255.727128
19.155616,132,1257.251354
26.010707,193,1258.825522
27.67627,221,1260.439929
24.020869,170,1261.988754
26.70476,203,1263.586684
18.955225,125,1265.112811
27.240469,204,1266.729033
15.032925,217,1269.244694
18.841776,125,1270.748106
22.02098,150,1272.305147
27.926299,212,1273.899127
24.203658,180,1275.482231
28.214693,207,1277.102498
23.694563,163,1278.669183
25.521253,189,1280.240735
19.366633,132,1281.770414
26.886971,194,1283.363706
28.190885,206,1284.976676
21.072676,149,1286.538239
25.951827,193,1288.993493
27.025255,209,1290.558602
26.087433,187,1292.15462
22.339411,160,1293.714498
26.693704,192,1295.308588
23.965551,177,1296.899055
24.734578,173,1298.48694
25.403341,180,1300.052588
28.134445,205,1301.658519
23.249155,161,1303.215835
18.753447,121,1304.727001
21.709173,162,1306.299185
26.029272,200,1308.798304
27.393623,206,1310.409714
19.695812,131,1311.952763
24.154971,177,1313.534604
23.025,163,1315.108383
22.873073,155,1316.655149
20.156329,139,1318.210126
27.313477,210,1319.823067
27.724529,207,1321.428812
19.774852,134,1322.971139
25.461804,182,1324.5499
23.234693,159,1326.114655
25.27789,180,1328.612006
24.160398,169,1330.182066
29.076761,215,1331.769152
26.874148,195,1333.365791
24.202222,179,1334.948331
20.604016,140,1336.497614
27.725258,211,1338.109795
23.285574,159,1339.67244
26.647777,192,1341.262906
22.960767,158,1342.811087
26.025636,195,1344.4138
19.122869,125,1346.789788
25.254382,186,1348.339103
26.981173,200,1349.847524
19.871061,270,1351.532566
27.304978,199,1353.136061
23.988081,169,1354.705643
19.701289,130,1356.218408
24.175866,172,1357.791365
26.019049,192,1359.39861
21.272803,141,1360.956356
25.19638,181,1362.516538
24.075601,169,1364.056087
27.012087,198,1366.562403
28.643464,216,1368.16562
18.471746,120,1369.692045
24.247691,184,1371.278886
25.985401,188,1372.860061
26.066561,189,1374.46047
24.037892,171,1376.041284
26.657017,194,1377.646623
26.703617,193,1379.248612
18.039855,111,1380.766243
19.115868,262,1382.441243
21.152333,154,1384.917409
26.977959,199,1386.500035
18.970625,121,1388.02693
25.140734,183,1389.614978
22.811261,159,1391.180443
23.123851,161,1392.74762
22.38926,153,1394.297062
24.211362,179,1395.865304
24.64609,179,1397.450845
23.274694,158,1399.008899
18.827708,124,1400.529713
25.136042,184,1402.102959
27.364699,201,1404.618686
27.434914,203,1406.187585
26.441649,194,1407.781122
19.766652,126,1409.298042
26.199473,190,1410.875867
24.288364,172,1412.442205
24.187407,173,1414.026693
20.398583,146,1415.593758
23.249602,161,1417.162142
20.312939,135,1418.707833
25.607569,181,1420.283592
21.16155,142,1421.830279
25.953751,185,1424.325292
21.076824,141,1425.842628
23.941032,169,1427.430895
19.421534,128,1428.96743
26.981785,203,1430.546991
23.861619,165,1432.084279
21.102195,146,1433.631072
20.953479,139,1435.177252
19.786687,130,1436.717805
18.17268,116,1438.237736
19.763284,137,1439.787573
21.319147,143,1441.314739
21.00952,146,1442.867261
21.113927,141,1444.393566
21.591278,152,1446.832374
21.173776,154,1448.37472
23.306486,164,1449.948936
23.985112,167,1451.51029
26.403722,195,1453.114962
17.991817,114,1454.637258
23.161975,178,1456.213957
25.232518,182,1457.802269
19.103433,121,1459.308171
21.318139,150,1460.854131
22.325851,152,1462.408475
28.267635,203,1464.003058
22.983245,159,1465.545723
20.97522,147,1467.979831
22.145139,150,1469.522657
23.546078,163,1471.065661
23.967121,167,1472.637518
18.026741,116,1474.136854
26.941653,197,1475.735246
23.263118,161,1477.302262
27.313976,208,1478.913584
18.461007,124,1480.450713
20.648721,136,1481.991884
28.260284,211,1483.598887
25.985927,186,1485.201099
24.009314,169,1487.638276
26.950171,199,1489.218604
22.106468,151,1490.767537
27.334836,195,1492.355301
25.973485,189,1493.907179
20.656023,136,1495.464965
22.44364,168,1497.033783
19.515887,240,1498.677757
23.984563,169,1500.234405
27.059618,202,1501.819275
20.3826,138,1503.35963
21.341544,148,1504.916394
27.731974,196,1507.442257
20.607509,138,1508.956676
28.655475,205,1510.54326
21.954492,156,1512.109984
25.059236,185,1513.706014
21.703196,151,1515.239448
26.099061,190,1516.80904
25.24539,177,1518.39513
26.968662,192,1519.976729
23.997663,169,1521.541363
20.153948,144,1523.094924
23.865889,165,1524.650367
21.16367,145,1527.039357
26.914599,197,1528.643324
22.411873,177,1530.232742
21.790489,150,1531.767114
25.233906,181,1533.352938
19.799622,141,1534.878221
24.77672,181,1536.431093
23.418779,163,1537.967188
20.642363,142,1539.520561
20.980543,144,1541.062817
19.758976,132,1542.587035
26.946367,198,1544.174748
27.408696,197,1546.703076
20.649128,138,1548.225608
20.14929,141,1549.762276
22.884238,159,1551.328734
20.692265,141,1552.886991
25.454625,188,1554.42197
24.202204,177,1555.97559
23.259695,163,1557.552405
25.755903,182,1559.114364
16.911707,274,1560.780323
27.643518,198,1562.359547
22.982722,165,1563.917837
18.836874,122,1566.350209
23.98355,166,1567.884619
27.432542,200,1569.466153
25.145187,178,1571.047597
20.333505,138,1572.591471
20.98218,141,1574.152435
24.984343,180,1575.727684
21.520239,145,1577.248143
22.9929,165,1578.784622
27.070496,198,1580.379039
26.414535,190,1581.956609
25.185577,178,1583.53007
21.142942,145,1585.919834
19.165571,124,1587.410692
26.990705,205,1589.018045
22.921646,158,1590.558044
20.5808,138,1592.107672
23.551772,161,1593.662971
24.725264,175,1595.227433
27.004903,196,1596.833139
25.994057,190,1598.432256
18.776639,120,1599.959612
26.425568,188,1601.524504
24.798714,177,1603.116117
25.010313,180,1604.697645
23.707874,172,1607.162581
26.928952,194,1608.747211
22.446972,157,1610.310915
25.064217,181,1611.902019
19.374683,123,1613.42598
22.601064,155,1614.99866
24.258189,171,1616.581241
21.939067,148,1618.115149
22.601411,156,1619.661783
26.995369,203,1621.266802
22.411629,154,1622.824457
21.322192,144,1624.363716
26.190301,187,1626.878611
18.027693,224,1628.448573
22.085754,149,1629.985986
25.49549,185,1631.570927
18.951506,124,1633.096071
18.020744,114,1634.615641
21.975693,155,1636.174092
26.375146,186,1637.751189
19.030629,122,1639.283505
21.95479,149,1640.83658
27.609356,196,1642.430986
21.09665,141,1643.962146
20.958519,139,1645.492184
22.007161,148,1647.953574
17.934542,113,1649.432804
23.853925,167,1651.000648
20.356543,138,1652.531935
18.150896,115,1654.048814
23.294683,165,1655.617813
24.077741,171,1657.187925
21.175683,151,1658.716576
18.99741,123,1660.212811
20.634869,137,1661.753291
24.742005,177,1663.336126
23.558821,163,1664.875618
25.97928,185,1666.467018
22.033481,148,1668.000277
25.2642,181,1670.505211
21.725785,171,1672.07575
27.349294,200,1673.667583
26.013636,186,1675.257627
23.128791,159,1676.809394
28.198121,209,1678.411674
27.007571,199,1680.013915
20.987908,140,1681.543873
25.600385,186,1683.123
24.765808,176,1684.709634
26.92627,197,1686.293806
18.472071,118,1688.756742
19.98362,130,1690.251383
20.990086,155,1691.807891
26.853076,197,1693.394736
25.973144,186,1694.986638
27.959102,209,1696.599504
25.467973,180,1698.181971
21.454459,145,1699.728935
19.780434,141,1701.273699
24.072149,170,1702.855992
27.019116,195,1704.446544
23.259717,160,1706.011456
20.099453,132,1707.563155
22.854762,164,1710.092065
18.206408,116,1711.585995
27.285226,199,1713.185084
20.646885,141,1714.709345
21.302486,146,1716.264665
26.801598,190,1717.857286
25.470771,184,1719.439057
19.992836,133,1720.952234
26.028048,190,1722.537879
24.798532,179,1724.11338
20.128182,131,1725.651903
27.740847,201,1727.250042
20.039407,131,1729.631466
21.027851,139,1731.168098
20.040686,132,1732.679828
18.836701,251,1734.334645
21.994592,148,1735.863961
18.352251,236,1737.48152
18.951418,246,1739.096176
27.294714,194,1740.705587
28.596363,210,1742.310989
19.573153,237,1743.954073
17.455216,225,1746.40183
23.485732,168,1747.921209
20.164963,134,1749.428322
23.5471,168,1750.983816
18.204902,118,1752.503858
22.884012,163,1754.046427
25.479895,178,1755.612491
21.129791,147,1757.149848
20.998974,141,1758.660177
20.650496,143,1760.206655
21.596781,144,1761.773226
23.091827,161,1763.325727
26.953635,197,1764.91546
26.95916,193,1767.364271
21.472188,146,1768.863887
24.265302,174,1770.424635
26.462538,192,1772.034266
21.004088,140,1773.540968
19.485329,234,1775.182863
26.623854,188,1776.758209
18.11474,235,1778.402007
24.492908,173,1779.944427
29.085203,212,1781.569689
23.181054,171,1783.14058
25.978292,188,1785.581837
23.536348,165,1787.115629
21.645504,147,1788.632035
21.006302,145,1790.163858
25.544498,183,1791.745197
19.29175,131,1793.251436
23.996339,176,1794.80665
24.264514,170,1796.370414
27.064045,193,1797.927879
19.262331,132,1799.468431
20.60076,143,1800.995429
27.905256,199,1802.594066
19.399845,128,1804.107725
20.103929,132,1806.516368
20.371291,134,1808.018764
24.086816,170,1809.585524
20.997521,159,1811.129339
24.806354,180,1812.714375
21.356817,150,1814.249497
23.762335,174,1815.809061
27.338086,198,1817.414026
26.877925,193,1819.00948
25.453678,183,1820.601587
25.483864,179,1822.144173
22.516175,157,1823.709966
18.965502,122,1825.240169
28.183578,202,1827.75177
18.922584,277,1829.410852
21.029288,146,1830.949772
19.245791,237,1832.583848
18.002114,115,1834.102191
26.376522,192,1835.696533
28.689487,209,1837.307675
25.948321,184,1838.8801
20.246675,290,1840.574312
22.529691,153,1842.140856
22.439615,163,1844.625059
19.408944,131,1846.143019
21.715601,165,1847.716455
23.940217,172,1849.289589
19.465904,243,1850.906021
26.191068,185,1852.480063
24.110039,171,1854.037193
24.744564,178,1855.621586
19.705257,130,1857.148337
18.299543,313,1858.87408
22.320495,149,1860.413917
22.00698,148,1862.822443
23.724762,166,1864.367702
27.205064,195,1865.932534
25.625805,182,1867.501016
21.143622,141,1868.989564
20.164464,134,1870.52011
26.700878,192,1872.112794
25.13299,179,1873.67629
21.745421,153,1875.237236
23.340356,169,1876.802104
26.993684,195,1878.402051
24.181783,170,1879.952606
25.529346,181,1882.415489
25.055313,178,1883.927222
26.02282,185,1885.500803
26.020385,184,1887.063249
19.346863,316,1888.775072
19.350307,125,1890.30843
25.114162,184,1891.895831
18.368061,342,1893.62377
23.97567,165,1895.196553
27.262938,198,1896.795702
21.350307,142,1899.207623
20.632314,138,1900.706078
25.748855,184,1902.300555
20.60321,142,1903.823661
17.997323,111,1905.328464
25.040424,178,1906.909929
21.722098,155,1908.485123
21.081487,143,1909.940412
26.798617,193,1911.508784
22.596276,155,1912.938014
20.938655,139,1914.439407
21.186635,146,1915.964962
18.929175,121,1917.456903
27.37886,198,1919.063969
22.921179,157,1921.57998
24.804153,176,1923.127613
24.261291,171,1924.705632
23.911547,167,1926.251588
24.188987,167,1927.822397
26.667755,193,1929.428485
21.279748,141,1930.957039
20.380443,134,1932.504267
22.87688,165,1934.08138
21.685421,159,1935.649086
21.647733,146,1937.198006
21.647299,150,1938.734143
26.109448,186,1941.206159
27.043255,192,1942.774769
20.376682,146,1944.331462
25.021481,176,1945.893576
20.686378,137,1947.440887
26.887669,199,1949.015487
18.782312,121,1950.523807
26.098526,183,1952.099988
23.840196,165,1953.668738
19.176051,123,1955.176932
21.896525,149,1956.705514
20.163236,138,1958.242489
21.747051,150,1959.782259
17.967771,114,1961.300135
25.094211,177,1963.74697
22.982204,159,1965.259701
24.728146,177,1966.83932
27.67383,198,1968.424263
26.936844,192,1969.997964
21.594536,145,1971.514714
18.44162,213,1973.122108
21.63454,147,1974.666257
19.406569,125,1976.197316
23.978294,165,1977.776614
23.141251,162,1979.332546
21.942853,147,1980.867079
26.996993,196,1983.361611
22.390906,156,1984.870725
25.942653,182,1986.450393
21.031258,142,1987.990257
18.407579,117,1989.500324
24.204172,167,1991.037214
20.304724,133,1992.583085
21.282259,142,1994.108108
26.420956,191,1995.688829
27.283836,194,1997.261265
25.015188,175,1998.807449
26.036649,185,2000.407303
21.528217,145,2002.883515
23.266602,160,2004.377295
26.956022,191,2005.961045
26.201571,184,2007.376786
25.391326,180,2008.932187
25.624344,183,2010.528602
20.981461,137,2012.049271
24.992569,180,2013.624077
18.008722,111,2015.118953
21.297424,141,2016.634421
22.353612,151,2018.066254
27.215892,198,2019.634219
24.78307,173,2021.189746
24.771466,174,2023.657502
19.01477,121,2025.139833
25.947242,186,2026.740987
28.226222,204,2028.336657
21.457092,144,2029.875459
21.715976,147,2031.41931
16.648518,214,2033.045372
29.085661,210,2034.662222
23.192331,161,2036.210535
19.686492,127,2037.727314
27.963048,199,2038.916729
25.665798,181,2040.468095
23.941543,164,2042.9222
19.179964,123,2044.424081
26.975331,191,2046.009118
25.905241,181,2047.579981
22.534307,154,2049.056418
27.355185,196,2050.63048
21.012256,146,2052.182285
21.183329,144,2053.727087
22.080137,147,2055.264084
26.447035,187,2056.823123
23.007564,157,2058.390069
19.761793,129,2059.929076
24.428695,171,2062.389807
21.46774,144,2063.896788
23.725503,162,2065.471538
20.11566,131,2067.011744
21.630624,150,2068.554952
22.905553,158,2070.127659
21.98013,149,2071.671662
24.769434,172,2073.242487
20.142569,136,2074.771757
23.970921,165,2076.346306
23.252035,161,2077.909411
18.190976,114,2079.418083
22.375341,155,2080.954723
20.604242,141,2082.474375
20.340742,133,2084.886754
23.306358,160,2086.371335
27.954504,199,2087.843848
27.22833,193,2089.43208
20.663357,137,2090.956944
26.253893,187,2092.525487
23.400971,162,2094.086777
25.053852,176,2095.584835
22.87572,155,2097.084712
22.974038,163,2098.626702
25.422415,178,2100.164828
25.062896,177,2101.744257
20.370126,137,2104.20458
18.996129,121,2105.637685
23.703424,164,2107.196199
25.269457,175,2108.77345
20.081133,131,2110.299802
24.516158,168,2111.851247
21.158222,142,2113.408212
27.104661,191,2114.988165
22.896863,156,2116.55881
20.956392,138,2118.110295
25.055061,175,2119.704748
17.988417,114,2121.22032
17.971766,217,2122.815272
26.853472,192,2125.263899
28.607354,206,2126.821386
20.605336,138,2128.308587
17.97917,112,2129.778144
22.323052,150,2131.298847
23.017845,157,2132.82023
22.553388,153,2134.385571
24.129482,166,2135.950631
18.21532,115,2137.434248
24.791451,177,2138.995149
21.787361,148,2140.548622
20.583183,135,2142.083906
20.162417,132,2143.602165
21.992614,148,2145.146553
18.218401,115,2147.58359
23.928084,167,2149.087864
20.009052,130,2150.631097
19.785939,133,2152.168187
19.535889,226,2153.760257
28.176738,204,2155.338102
19.379316,126,2156.898316
20.94164,138,2158.424493
22.27107,149,2159.983783
24.220374,171,2161.537241
25.413016,178,2163.127473
24.515181,168,2164.701871
20.390473,141,2166.192618
21.900213,149,2168.638266
20.335216,135,2170.152778
26.633151,188,2171.722694
26.820739,189,2173.321012
27.017413,192,2174.908222
21.97938,150,2176.468886
24.625875,173,2178.036508
26.854592,195,2179.64519
21.958016,148,2181.197948
23.256475,159,2182.729967
17.09136,204,2184.340228
21.986584,152,2185.886108
26.037284,180,2188.433392
15.729393,189,2189.986033
19.413137,127,2191.542414
23.846011,167,2193.100663
24.131291,170,2194.671009
16.456708,205,2196.27207
25.489706,184,2197.814324
20.985822,139,2199.356208
23.475253,161,2200.881869
19.695171,130,2202.381418
23.247626,160,2203.920934
19.373908,127,2205.459766
18.47217,119,2206.983634
25.48936,180,2209.490101
18.433172,117,2210.950914
21.718999,150,2212.467985
17.314097,230,2214.101007
26.985339,191,2215.690181
22.085624,150,2217.22855
21.975073,150,2218.779562
18.813922,122,2220.271814
24.226298,167,2221.847186
20.116197,135,2223.364937
20.601586,139,2224.887784
24.46394,169,2226.461552
23.172449,161,2228.023353
18.810104,123,2230.429975
25.141054,177,2231.990419
22.845217,157,2233.554421
25.190189,175,2235.12267
23.296518,161,2236.702439
27.340024,199,2238.308724
25.60634,187,2239.90107
19.143772,220,2241.502107
22.540716,153,2243.045027
18.974985,122,2244.554968
22.023889,150,2246.112282
26.368067,183,2247.691111
27.667626,203,2250.17933
17.997858,114,2251.665283
18.946753,217,2253.261137
25.923749,185,2254.850841
27.018297,192,2256.440904
26.879307,191,2258.046612
20.373504,140,2259.586814
27.96629,200,2261.19915
18.182797,117,2262.700411
19.186275,124,2264.224384
18.767065,120,2265.738062
24.205377,166,2267.312613
26.372079,186,2269.760471
26.081998,182,2271.311876
26.387684,187,2272.879992
27.329234,199,2274.482458
19.945009,129,2275.993713
26.665938,188,2277.586637
19.358998,125,2279.104717
24.783054,178,2280.69655
20.354757,139,2282.237016
26.973666,190,2283.836751
23.931543,170,2285.382977
21.743764,150,2286.928974
20.999391,140,2288.45499
26.431194,189,2291.003683
23.962764,166,2292.562905
25.255165,176,2294.118886
21.620743,146,2295.67685
20.348962,135,2297.214466
22.865204,155,2298.768717
22.813283,156,2300.339703
19.980718,133,2301.881739
25.027168,173,2303.457795
24.71358,177,2305.041157
20.385719,132,2306.580003
21.141716,140,2308.119871
21.92036,147,2309.661839
24.635964,170,2312.133706
21.352759,142,2313.648199
22.528687,155,2315.176278
22.00999,147,2316.591768
19.201264,125,2318.09214
23.537858,164,2319.663258
21.956431,148,2321.20252
23.750247,163,2322.777154
21.496205,149,2324.333344
22.888362,159,2325.899839
23.729787,163,2327.467905
25.026962,175,2329.042833
20.32065,133,2330.581559
21.74719,149,2333.056669
20.962952,141,2334.587971
28.21908,201,2336.205203
21.01456,139,2337.764642
17.981231,114,2339.261575
22.594799,155,2340.804098
17.525628,213,2342.429883
21.991585,151,2343.965955
25.459846,178,2345.524082
22.517903,154,2347.090014
20.317282,132,2348.624574
20.625568,136,2350.150434
26.028503,184,2351.733703
24.999128,173,2354.193269
21.038499,139,2355.656878
25.490723,180,2357.229408
22.044891,147,2358.76357
26.719396,187,2360.36051
25.438521,176,2361.940737
26.060403,190,2363.525563
27.341012,195,2365.112214
24.116693,165,2366.679773
21.956909,147,2368.211768
23.172323,164,2369.786023
20.389048,133,2371.327891
26.839194,192,2373.754681
27.211575,192,2375.277813
21.274747,142,2376.787835
24.006137,165,2378.367593
27.37145,199,2379.90398
26.356794,186,2381.448938
23.367065,163,2382.964178
25.954157,183,2384.500391
29.089914,214,2386.093632
27.05001,190,2387.693051
20.128422,131,2389.2111
21.132571,138,2390.748141
18.453421,118,2392.262852
21.015153,140,2394.681498
18.930725,120,2396.17275
23.412047,162,2397.727334
29.119396,211,2399.325517
24.778214,171,2400.901415
25.216967,176,2402.470235
21.022073,146,2404.025667
25.72388,186,2405.593069
27.670638,199,2407.176666
25.999279,184,2408.746771
24.113985,167,2410.295799
23.513326,162,2411.855677
26.71725,191,2414.347099
21.961246,148,2415.862625
18.206928,211,2417.488154
22.520988,153,2419.005857
19.285317,129,2420.52922
17.984421,116,2422.033615
18.964718,120,2423.521584
25.190283,175,2425.107005
27.389588,195,2426.698959
27.88286,199,2428.292205
21.284129,142,2429.823278
26.796368,191,2431.419112
20.372704,140,2433.884735
24.602138,171,2435.415785
18.123025,117,2436.915747
25.492412,178,2438.492088
21.180987,143,2440.040906
20.38564,141,2441.553118
27.911071,200,2443.161847
26.412754,187,2444.713798
23.955047,164,2446.259858
27.909207,199,2447.862533
19.148289,124,2449.385603
23.838971,168,2450.975477
22.968396,158,2452.504
25.955559,181,2454.984387
26.87373,194,2456.573548
27.325345,206,2458.190539
24.723298,172,2459.768456
20.366619,136,2461.314733
24.184253,174,2462.862201
20.037621,131,2464.395852
25.206941,178,2465.959877
22.974709,158,2467.519711
16.475416,254,2469.167423
21.92087,146,2470.725153
18.736345,598,2473.623266
21.036786,139,2475.154638
26.839821,191,2476.752142
20.607728,140,2478.304176
24.791951,177,2479.890301
27.972372,208,2481.513595
22.904191,157,2483.040582
23.710808,163,2484.607356
18.708807,387,2486.386867
18.438856,119,2488.817434
20.344402,134,2490.205388
26.441782,186,2491.797429
21.789325,149,2493.312489
26.017254,185,2494.893892
27.341598,193,2496.468883
21.714015,150,2498.030289
20.979554,138,2499.568621
23.108335,158,2501.135589
24.425117,170,2502.715258
23.987782,164,2504.272189
24.081966,168,2505.845745
27.746083,200,2507.429087
18.633395,219,2509.952043
17.489986,222,2511.564302
20.318872,137,2513.100551
22.083426,149,2514.642154
21.463973,145,2516.192956
26.011691,189,2517.768811
24.914032,174,2519.351831
27.383126,197,2520.970374
24.77959,173,2522.552027
21.184913,141,2524.10722
22.578814,155,2525.653443
16.731404,219,2528.133892
17.236062,221,2529.737003
17.745299,9177,2544.927489
13.216908,196,2546.518221
28.29223,207,2548.133084
21.786327,154,2549.701253
13.786612,205,2551.318265
19.185953,127,2553.807148
23.316955,160,2555.337578
13.999608,180,2556.905729
23.807777,163,2558.476393
18.5192,232,2560.088564
17.345523,332,2561.837136
26.694797,190,2563.433889
19.708971,129,2564.973782
27.298696,196,2566.55567
19.934292,134,2568.080558
25.931432,181,2569.658593
20.358438,138,2572.06023
26.014758,185,2573.612931
21.566816,143,2575.15669
21.725435,159,2576.719503
23.98131,168,2578.295885
15.017592,185,2579.880059
19.161946,127,2581.389983
15.211656,214,2583.022995
23.311984,162,2584.587333
23.213308,158,2586.13477
24.013161,164,2587.711845
20.950625,141,2589.2385
22.852275,156,2590.802667
26.965126,192,2593.292532
19.03317,122,2594.8285
21.97808,148,2596.376321
25.977396,192,2597.96875
24.229573,171,2599.549504
25.966078,183,2601.146677
12.327126,167,2602.713702
28.661794,209,2604.296642
21.028524,140,2605.835824
20.001741,130,2607.380977
21.994723,156,2608.920167
20.925049,142,2610.473521
18.180852,114,2612.869925
18.204437,119,2614.364604
22.393496,154,2615.918227
21.574484,146,2617.477231
27.339813,191,2619.069607
27.007109,193,2620.674016
26.080692,182,2622.207838
24.716585,172,2623.781125
25.887278,181,2625.359528
21.141039,139,2626.834984
18.16345,113,2628.359985
27.420272,192,2629.966436
21.582569,143,2631.521374
20.334147,135,2633.939599
21.004428,138,2635.432847
19.249464,131,2636.96467
27.648649,199,2638.540071
28.271523,205,2640.151152
27.899758,199,2641.747716
19.210377,259,2643.389211
24.117006,165,2644.959508
19.000901,124,2646.486215
17.285375,204,2648.098841
21.984778,153,2649.632481
22.900873,159,2651.187379
24.44155,172,2653.6289
23.945073,170,2655.180265
18.492487,229,2656.789899
28.310709,202,2658.399997
25.226949,176,2659.987167
21.077189,138,2661.522756
23.996991,165,2663.093709
22.297477,150,2664.627764
17.946832,115,2666.127357
27.644048,197,2667.725528
25.486776,179,2669.307135
20.306226,133,2670.841721
20.60327,136,2673.282299
20.658256,139,2674.801409
21.17202,142,2676.356324
20.928514,138,2677.896487
23.788096,168,2679.480501
21.576258,143,2681.017757
22.401341,166,2682.594862
22.8627,161,2684.141134
19.26358,128,2685.669077
19.970349,130,2687.210741
20.383515,138,2688.719795
20.957435,138,2690.248927
17.451959,244,2691.885195
27.650606,198,2694.327481
16.724596,251,2695.923668
24.262337,171,2697.485293
20.095759,133,2699.028786
27.403278,200,2700.608413
24.617897,174,2702.034377
24.743163,172,2703.617772
23.824626,165,2705.176211
25.929923,184,2706.750451
22.529621,156,2708.282587
21.047825,138,2709.836266
22.564626,157,2711.385212
25.081084,177,2713.910397
20.124318,131,2715.409101
24.216268,170,2716.983094
25.486512,182,2718.584091
26.391607,191,2720.185173
23.903971,166,2721.74759
24.070368,166,2723.310041
18.334374,234,2724.944587
21.961759,148,2726.461171
16.900343,223,2728.04832
23.90506,167,2729.607844
20.023534,135,2731.133779
22.835189,154,2733.584445
23.389623,161,2735.117114
18.407311,117,2736.647333
26.200381,186,2738.209743
27.078727,196,2739.788233
21.999632,150,2741.240246
27.184603,193,2742.833694
25.476,183,2744.408274
23.198483,161,2745.95623
27.236584,196,2747.553923
24.957661,181,2749.147574
20.954388,139,2750.692311
20.010934,132,2753.142194
21.991914,147,2754.653627
22.247531,151,2756.195546
20.974226,139,2757.718196
21.964382,150,2759.280963
17.053133,264,2760.917222
21.611282,146,2762.477192
20.135696,135,2764.014764
19.402824,126,2765.522499
18.981041,224,2767.126901
18.839078,122,2768.652298
21.464744,145,2770.189188
26.380575,190,2771.784852
28.14494,202,2774.289928
25.072267,180,2775.841081
20.009062,130,2777.356344
23.481128,161,2778.890607
23.834343,165,2780.458045
24.779828,171,2782.043981
27.34372,197,2783.624234
20.390708,133,2785.160541
20.623073,137,2786.703394
19.989581,134,2788.243852
26.865491,190,2789.800442
18.079106,216,2791.375596
26.801634,192,2793.834202
26.229745,185,2795.412517
19.226936,125,2796.921144
18.840033,121,2798.451236
25.278604,179,2800.034784
24.478344,170,2801.596021
23.799565,165,2803.142966
20.979398,144,2804.688833
25.514864,182,2806.284023
18.162668,114,2807.772208
19.974392,129,2809.2746
22.821877,155,2810.830619
21.724119,151,2812.366811
24.982831,172,2814.806867
22.924822,156,2816.367081
22.945193,157,2817.933339
26.845718,191,2819.539044
24.570768,174,2821.102441
24.281303,168,2822.665713
23.46873,163,2824.220408
25.926214,186,2825.779736
18.924501,253,2827.416964
25.460261,179,2829.006945
27.670949,199,2830.603102
21.971148,150,2832.162532
28.637997,210,2834.626879
26.975575,191,2836.204076
20.620761,137,2837.724977
22.092653,149,2839.257274
23.251426,158,2840.783162
15.089658,196,2842.390309
28.692781,209,2844.003633
18.465375,116,2845.513126
18.027016,115,2847.012272
21.642409,144,2848.554941
24.293271,171,2850.126536
24.742795,174,2851.701034
27.371571,196,2854.184841
24.979246,173,2855.74696
25.977867,184,2857.32547
21.305452,144,2858.875197
23.796567,165,2860.446166
25.107135,179,2862.007561
24.590949,169,2863.564073
16.207459,264,2865.223549
17.682774,219,2866.844264
18.974546,122,2868.367578
19.687497,129,2869.874241
23.982465,171,2871.462302
27.964646,201,2873.968703
26.964016,194,2875.545575
20.624268,136,2877.083185
26.195893,185,2878.676262
24.251146,168,2880.241605
20.653818,141,2881.782905
22.074018,148,2883.30856
23.220656,158,2884.855041
22.327504,152,2886.394428
24.792616,177,2887.972398
20.633934,136,2889.513828
24.0161,169,2891.058711
24.110465,167,2893.474181
19.953168,128,2895.006712
22.586921,154,2896.564684
25.678113,181,2898.141824
26.244328,185,2899.721896
18.793413,119,2901.246201
21.987887,147,2902.7582
27.774511,205,2904.362365
27.213722,192,2905.964133
21.018371,140,2907.5148
23.005468,155,2909.083539
24.185407,169,2910.662494
25.524799,176,2912.236838
24.102915,166,2914.678405
27.307092,194,2916.249432
26.070479,183,2917.839642
19.958131,132,2919.375813
19.342762,124,2920.885103
27.906721,204,2922.477288
27.069456,194,2924.053192
21.161262,142,2925.582687
22.981693,160,2927.152908
25.07604,173,2928.723157
25.484783,177,2930.299206
21.015094,146,2931.839901
27.094797,193,2934.316289
25.693833,183,2935.873167
20.646868,138,2937.411861
25.702946,182,2938.95057
24.430071,168,2940.524678
22.034574,147,2942.074091
24.475978,171,2943.630534
22.034914,150,2945.177907
26.007011,183,2946.741362
24.233556,169,2948.312732
20.595798,136,2949.829686
21.310344,141,2951.382783
22.140489,151,2952.909065
20.70457,139,2955.330918
19.095272,122,2956.84811
21.313761,146,2958.404656
20.352807,133,2959.927531
17.436532,243,2961.567339
21.655889,149,2963.11626
23.129928,160,2964.684823
16.294675,210,2966.285827
21.706344,146,2967.841041
21.988439,153,2969.399101
20.321656,132,2970.943405
22.565176,155,2972.494494
22.254938,149,2974.039193
26.451482,186,2976.504997
25.033017,173,2978.064827
22.350234,151,2979.607034
19.739864,128,2981.121035
28.306359,214,2982.722658
23.344926,161,2984.286867
19.754937,129,2985.835086
19.437435,124,2987.349955
24.015781,169,2988.928389
21.967333,145,2990.470101
23.309313,158,2992.017262
23.299083,159,2993.585071
20.950876,139,2995.132157
23.009832,154,2997.568098
27.341793,205,2999.180899
17.226309,263,3000.837845
18.372124,344,3002.584721
20.153119,130,3004.124308
21.62933,143,3005.666569
21.320476,142,3007.170752
21.056444,139,3008.693759
25.913816,186,3010.227862
21.031475,143,3011.768095
25.070639,175,3013.348947
26.42927,189,3015.843434
17.209493,205,3017.403496
20.126407,132,3018.927629
27.300836,194,3020.502892
23.274358,160,3022.049876
20.133128,136,3023.595084
26.847133,189,3025.161944
24.776586,178,3026.717827
24.489965,176,3028.298854
25.734457,182,3029.883461
25.623884,184,3031.476217
16.13956,193,3033.073464
21.964469,150,3035.504666
21.009865,142,3037.017517
20.102939,132,3038.555462
18.93374,119,3040.063673
25.92818,183,3041.659653
24.790126,177,3043.232395
23.354662,161,3044.803462
22.579402,156,3046.351083
27.43217,195,3047.951051
25.268817,179,3049.547914
21.110723,139,3051.082699
21.478065,143,3052.615406
25.984567,185,3054.19567
21.746551,149,3056.611593
20.386456,134,3058.126579
25.47269,183,3059.707784
22.131171,148,3061.267254
23.25679,157,3062.831962
22.547351,152,3064.393759
22.873585,158,3065.950182
27.36964,196,3067.533777
28.687819,216,3069.141365
25.503938,178,3070.715461
22.434304,157,3072.281606
22.389663,152,3073.827419
21.010501,139,3076.246647
22.587648,151,3077.774108
21.070588,140,3079.313795
25.075088,174,3080.881622
29.05266,214,3082.500024
22.141306,148,3084.037573
20.364657,134,3085.560953
20.176672,132,3087.04254
21.151521,142,3088.58594
24.183269,169,3090.163729
26.190637,186,3091.755605
26.698135,193,3093.331791
21.581375,144,3094.880653
18.757034,118,3097.28335
26.219734,186,3098.842919
17.6487,221,3100.457578
22.362655,155,3102.014241
20.001809,131,3103.553357
23.544134,162,3105.119844
23.704353,161,3106.693706
29.105707,213,3108.306039
18.452426,116,3109.777429
25.460904,178,3111.349524
23.067672,157,3112.917956
20.391349,141,3114.434859
21.037565,142,3115.977455
29.080046,207,3118.441174
24.277153,170,3119.97754
25.637739,181,3121.55544
25.917824,181,3123.131262
21.714706,147,3124.688025
17.7292,212,3126.285219
22.324439,150,3127.825181
26.224921,184,3129.388111
18.905143,120,3130.898415
22.428229,153,3132.446243
26.481562,191,3134.047296
26.950475,192,3135.635785
20.930779,137,3138.060654
26.926637,191,3139.633552
19.363102,123,3141.167073
20.96448,141,3142.701604
28.586694,206,3144.300213
27.296665,195,3145.885678
23.500777,160,3147.434643
23.134592,156,3148.999002
19.956583,129,3150.522759
25.461549,177,3152.100874
19.159485,122,3153.611594
24.237886,166,3155.156148
18.825947,118,3156.678287
17.989652,110,3159.055882
17.998328,116,3160.54373
22.395554,150,3162.057585
24.748982,173,3163.614536
18.456677,115,3165.138561
19.032823,122,3166.647695
25.421629,177,3168.234396
19.224321,123,3169.764905
25.113973,176,3171.348577
26.995504,192,3172.945424
23.944627,164,3174.485437
18.257855,218,3176.106416
24.027497,165,3177.65649
25.453409,177,3180.125266
19.169897,123,3181.626486
23.202248,161,3183.189041
16.669516,235,3184.833497
25.063295,175,3186.397495
19.04616,120,3187.93115
18.974879,122,3189.44922
24.077456,170,3191.025815
22.502076,152,3192.561834
26.99776,196,3194.155417
21.175979,143,3195.711392
21.141414,138,3197.228757
18.789399,118,3198.744139
24.917551,172,3201.193196
23.858231,166,3202.73824
22.859228,156,3204.299866
24.166734,167,3205.873158
23.932901,166,3207.431342
22.58554,156,3208.981011
22.26759,149,3210.523932
25.099584,181,3212.093776
20.681844,137,3213.62745
21.083443,140,3215.130639
22.839406,154,3216.699896
22.980293,154,3218.2444
26.828712,192,3219.805775
22.404918,151,3222.201017
21.702543,148,3223.723511
21.42373,142,3225.267513
23.037489,155,3226.828955
22.097061,151,3228.396122
28.625933,209,3229.99713
21.575536,143,3231.563939
27.235477,193,3233.163757
18.425928,116,3234.693428
22.388505,156,3236.244456
24.920057,177,3237.820348
18.790279,117,3239.34415
19.100417,123,3240.866811
25.43553,178,3243.3417
25.182343,174,3244.87552
21.665962,148,3246.407006
24.435065,169,3247.945463
21.956167,147,3249.503407
22.262524,150,3251.059502
24.636805,173,3252.597283
23.91927,170,3254.177635
27.72523,202,3255.787948
18.743239,236,3257.426396
22.019285,147,3258.970577
24.727281,174,3260.549855
18.921686,120,3262.065456
16.591315,307,3264.665365
20.399091,235,3266.318332
21.123285,141,3267.867194
21.064071,140,3269.398267
24.014488,167,3270.944356
21.149273,144,3272.487838
24.953224,178,3274.07035
19.136986,120,3275.596072
24.738468,178,3277.197003
23.504405,162,3278.753464
20.075162,130,3280.270003
27.296959,197,3282.804033
25.609315,186,3284.348201
26.208195,186,3285.886883
22.978202,157,3287.447511
19.137595,123,3288.947933
18.937517,243,3290.597058
21.659557,148,3292.142874
19.247779,125,3293.663661
26.227343,187,3295.25798
27.018077,193,3296.856297
18.770649,118,3298.360073
27.378184,201,3299.958268
27.295282,193,3302.417043
20.692276,138,3303.941234
18.625805,222,3305.567603
18.983391,121,3307.098249
26.983511,194,3308.680865
19.264449,125,3310.219138
26.208452,185,3311.809402
21.165836,141,3313.363649
23.313287,159,3314.933431
23.113073,160,3316.484033
26.17903,182,3318.071899
21.171365,141,3319.616713
21.996075,147,3321.18409
17.952003,221,3323.704734
24.266931,168,3325.257159
19.410725,126,3326.782356
26.388317,186,3328.376794
22.56353,151,3329.924156
26.417411,187,3331.514851
26.795157,194,3333.100206
22.443479,155,3334.646875
25.09765,180,3336.236404
27.674744,197,3337.836143
23.806659,167,3339.408156
23.08631,157,3340.92769
20.007475,130,3343.32308
26.061836,184,3344.873476
27.375228,197,3346.46807
25.032104,175,3348.03089
25.608039,183,3349.621692
21.147262,142,3351.151355
26.185978,188,3352.748724
19.408759,123,3354.263245
22.003406,148,3355.805244
18.17683,113,3357.323832
21.283008,141,3358.86543
17.463008,220,3360.494493
20.601167,139,3362.914745
25.096956,178,3364.482621
21.326088,143,3366.041382
27.012637,193,3367.631252
21.470787,143,3369.184755
25.515189,179,3370.771205
25.019965,174,3372.328602
27.329876,195,3373.935377
26.443202,187,3375.536336
19.401806,125,3377.068162
22.322988,148,3378.621477
25.991464,184,3380.207292
24.022759,165,3381.755985
21.984557,148,3384.184573
23.056684,156,3385.715111
20.08818,133,3387.25943
26.947626,200,3388.853077
26.453758,189,3390.432063
23.902095,166,3392.006101
27.932491,201,3393.607378
21.986625,145,3395.151826
22.303929,150,3396.676747
27.106227,194,3398.27788
23.301902,159,3399.849529
21.759953,146,3401.389695
20.044701,130,3403.802739
25.430325,181,3405.373883
20.356421,141,3406.898837
25.214968,175,3408.477101
20.69892,137,3409.998108
19.22996,124,3411.517563
21.153955,142,3413.064506
25.973747,190,3414.641429
25.628497,187,3416.192758
20.589232,139,3417.681374
19.384139,123,3419.14796
23.307878,159,3420.693361
27.024501,193,3422.235105
20.940707,140,3424.611897
21.07573,140,3425.964611
20.649405,142,3427.28078
23.276108,160,3428.725311
23.749421,165,3430.249544
23.189378,160,3431.769244
20.014612,129,3433.28749
22.544779,153,3434.841378
24.604001,175,3436.39839
21.942819,147,3437.936473
20.580474,138,3439.47956
21.085545,139,3441.025353
24.437259,169,3442.579219
23.718617,163,3444.155026
17.996591,115,3446.562651
26.441889,187,3448.148421
18.835629,222,3449.783395
20.985867,141,3451.330678
25.558898,180,3452.905079
27.351629,195,3454.491066
26.872311,192,3456.079791
27.391836,202,3457.694499
17.805983,213,3459.297993
18.753092,227,3460.917892
27.761024,201,3462.53488
21.282815,145,3464.982854
27.369978,198,3466.573391
22.874916,155,3468.114775
18.042926,119,3469.645031
19.800908,136,3471.179314
18.235108,219,3472.788113
27.434799,201,3474.377903
19.370426,125,3475.914777
18.204245,123,3477.448483
26.42442,187,3479.042615
25.536229,178,3480.619768
20.995016,141,3482.129266
26.411768,188,3484.639764
24.004334,166,3486.157574
21.510384,144,3487.698185
22.32007,154,3489.259773
22.031479,150,3490.806548
19.76265,233,3492.420402
22.829608,156,3493.962682
20.124784,135,3495.491652
19.971037,130,3497.006559
26.874682,192,3498.600168
21.769107,146,3500.1372
20.39735,136,3501.656231
24.244903,169,3503.207711
22.066425,147,3505.619917
23.130419,161,3507.153422
17.316736,278,3508.827747
18.899275,267,3510.508355
21.097674,140,3512.045845
24.13679,168,3513.621758
19.068721,229,3515.26615
23.267049,157,3516.833274
18.021845,112,3518.35705
26.011358,184,3519.924562
21.480995,147,3521.451065
25.090225,175,3523.884426
22.049948,148,3525.42334
22.95696,156,3526.971705
18.253509,228,3528.581891
24.175577,170,3530.163667
18.602648,232,3531.784476
22.323168,156,3533.329162
20.622757,141,3534.881478
22.586403,155,3536.448272
18.780513,124,3537.984531
24.425686,170,3539.563912
22.02138,150,3541.127878
17.081219,1889,3545.304602
25.985782,185,3546.895286
24.185302,175,3549.351834
22.918946,156,3550.880979
18.176298,220,3552.475053
27.36701,197,3554.070782
26.668355,191,3555.662237
20.646997,135,3557.192973
24.282944,170,3558.762093
23.792474,165,3560.338635
24.62201,172,3561.906608
18.823249,120,3563.428764
26.425053,189,3565.027573
24.426866,170,3566.607344
24.257416,176,3569.065366
22.365064,153,3570.593759
23.851201,167,3572.153275
21.465312,142,3573.700406
25.993245,185,3575.275165
26.672174,195,3576.865334
25.11073,176,3578.446789
19.177395,124,3579.979063
27.647355,201,3581.592044
22.323928,151,3583.139163
23.937628,165,3584.707108
26.448524,188,3586.290723
20.695649,138,3587.828507
23.777327,163,3590.261394
24.244228,168,3591.829313
21.005342,139,3593.330401
19.768835,132,3594.84758
25.020707,175,3596.429924
26.376762,186,3598.008359
19.991625,129,3599.537598
26.423041,196,3601.115133
20.672515,134,3602.658193
21.919755,148,3604.212035
25.896873,182,3605.78506
18.439672,116,3607.30666
26.076015,184,3608.886628
23.195905,162,3611.399799
25.027568,192,3612.97545
25.947722,184,3614.554476
20.149684,132,3616.054125
23.108571,160,3617.612779
23.114046,161,3619.183533
23.317587,162,3620.755071
25.092532,177,3622.328431
25.044458,176,3623.911432
24.960459,176,3625.495985
26.189532,187,3627.094381
23.273934,162,3628.669753
28.154047,206,3631.152522
23.301877,160,3632.697939
22.519331,154,3634.258074
27.23657,194,3635.843283
21.901957,145,3637.386688
18.801869,224,3639.011694
21.97063,150,3640.571393
24.232831,169,3642.13676
20.643523,135,3643.66031
24.230901,167,3645.237149
27.883122,203,3646.850087
21.326584,140,3648.396436
26.985394,194,3650.874689
26.243867,194,3652.43698
28.616883,212,3654.036436
19.669011,128,3655.549529
21.264142,143,3657.102367
24.160151,169,3658.666087
26.880287,193,3660.246106
21.978846,152,3661.792204
17.990193,113,3663.287558
23.203813,160,3664.831953
23.112589,159,3666.380316
23.770351,165,3667.954503
21.554838,145,3670.415099
19.924028,130,3671.919503
18.178671,114,3673.421074
26.102976,184,3674.969223
24.041579,166,3676.518945
20.99497,143,3678.050848
20.095795,130,3679.583755
21.084855,141,3681.118152
24.205766,169,3682.662071
25.252316,178,3684.235192
23.357381,161,3685.797808
19.794036,132,3687.339848
22.822957,157,3688.877833
25.532599,179,3690.464767
21.192835,141,3692.865945
25.564165,182,3694.432071
13.307676,174,3696.012774
22.814436,156,3697.57607
23.209044,162,3699.100384
19.189212,121,3700.609525
28.172479,206,3702.205648
21.041301,138,3703.743877
19.034173,221,3705.350522
20.294915,131,3706.885422
21.896112,146,3708.431702
24.898532,172,3710.011545
19.46559,243,3712.574593
25.093167,174,3714.118391
18.20795,114,3715.623827
21.124641,141,3717.164541
28.186065,208,3718.760118
21.975973,149,3720.307756
27.409841,194,3721.897943
25.024064,176,3723.462306
22.995496,156,3725.028037
23.770886,164,3726.58651
19.082196,227,3728.210896
23.271167,158,3729.761167
24.220769,169,3732.18897
18.590079,245,3733.815881
29.097085,218,3735.448084
24.224865,174,3737.033776
28.208687,206,3738.645633
21.513958,144,3740.199802
20.179703,133,3741.716804
19.739309,127,3743.235729
22.876329,156,3744.79169
23.374596,166,3746.360829
25.052825,173,3747.913956
23.812462,164,3749.47064
22.381697,157,3751.904627
22.121633,148,3753.453956
23.218453,158,3754.994864
25.264456,177,3756.579733
22.51749,153,3758.150973
24.77556,177,3759.72751
27.958713,202,3761.320515
22.89255,156,3762.877543
22.868662,158,3764.445538
22.921998,156,3765.994859
20.104759,131,3767.536015
21.364574,141,3769.088793
19.002884,125,3770.612658
18.843426,120,3773.044367
24.202197,169,3774.607059
18.436215,119,3776.089645
25.115592,181,3777.649494
21.784168,148,3779.170482
22.336354,152,3780.723017
26.97389,191,3782.304789
20.324159,133,3783.834217
18.835643,120,3785.359672
10.502466,163,3786.915407
20.950756,141,3788.463662
22.270043,150,3790.004292
23.994917,165,3791.566683
22.182462,255,3794.122962
26.943171,192,3795.696094
24.569678,173,3797.278194
25.046585,178,3798.845882
27.35114,202,3800.454905
23.298285,159,3801.995882
25.6273,185,3803.594176
26.361881,187,3805.190388
20.091433,131,3806.718295
27.635194,201,3808.321579
25.460964,177,3809.896186
28.68853,210,3812.420151
24.126303,166,3813.93982
26.864281,190,3815.503238
20.297486,132,3817.004871
23.034674,157,3818.543992
24.203593,175,3820.129364
21.016199,144,3821.660491
27.405829,196,3823.265102
24.787783,173,3824.835491
26.638979,187,3826.4213
28.182328,205,3828.027095
21.903576,147,3829.586252
23.769888,163,3832.067577
25.633336,184,3833.632314
21.108467,140,3835.179651
25.005085,173,3836.7249
18.923058,219,3838.333837
22.338863,156,3839.872828
27.32234,198,3841.45451
26.992891,191,3843.026803
20.651894,140,3844.563837
20.625424,137,3846.115291
21.313355,146,3847.66609
23.103184,162,3849.23375
26.450654,187,3851.656947
29.113014,212,3853.248332
22.994646,156,3854.791262
21.939138,150,3856.31878
19.730855,127,3857.833023
26.060223,187,3859.405709
25.106817,179,3860.978775
21.20182,241,3862.591871
21.561812,144,3864.148002
26.94578,197,3865.7493
21.939285,148,3867.276726
18.180819,122,3868.778131
23.83223,165,3870.336214
19.171224,125,3872.74226
24.729395,173,3874.296993
21.076116,138,3875.841203
18.903239,120,3877.341134
23.972669,168,3878.905064
18.834102,120,3880.39947
21.568233,143,3881.895527
28.653705,206,3883.477136
28.152211,204,3885.071445
27.720434,205,3886.671858
25.435252,184,3888.234151
21.947695,147,3889.778042
28.665412,208,3892.274084
21.99187,150,3893.80561
26.990863,193,3895.380236
27.363313,194,3896.962139
26.911965,190,3898.543248
19.927105,130,3900.061536
24.460748,169,3901.635213
26.851333,197,3903.193783
19.722496,131,3904.734176
25.939226,184,3906.301495
23.702629,162,3907.864496
26.231043,190,3909.442365
27.380373,197,3911.971372
24.264132,170,3913.526824
25.249607,179,3915.121434
26.854015,193,3916.697033
17.985504,114,3918.221246
23.19905,168,3919.788622
21.157583,141,3921.310363
21.071042,141,3922.873154
19.023554,122,3924.392597
26.656317,191,3925.993175
26.110107,185,3927.584592
24.060133,165,3929.152493
17.999134,113,3930.671153
21.903117,148,3933.067111
19.765357,133,3934.570313
27.602438,198,3936.180048
27.868686,198,3937.782923
19.800077,139,3939.329966
21.999145,148,3940.886125
27.334508,200,3942.471776
22.012024,148,3944.018834
19.697342,128,3945.543225
20.990578,137,3947.073621
27.292589,200,3948.675217
23.553314,160,3950.24861
29.117781,212,3952.74492
23.508337,161,3954.283601
19.736212,130,3955.819275
26.822386,197,3957.428032
24.215238,170,3959.006631
25.097414,177,3960.568635
28.683374,209,3962.178754
18.145393,115,3963.703279
22.903594,157,3965.241518
18.009694,238,3966.895212
21.034112,149,3968.41813
24.736755,172,3969.990981
25.761296,183,3972.463964
27.262258,198,3974.050509
25.535977,188,3975.645112
27.079504,192,3977.24648
26.971176,193,3978.856498
22.532514,154,3980.390493
22.91759,155,3981.940686
28.213198,205,3983.526471
23.275521,160,3985.094673
23.837053,166,3986.652673
25.104592,178,3988.231642
26.012756,183,3989.787623
22.542941,156,3992.224899
18.485529,116,3993.739342
25.415949,178,3995.311692
25.945105,186,3996.891569
26.958905,195,3998.497325
24.899565,173,4000.087437
27.349969,195,4001.665714
23.499751,160,4003.209399
20.558036,135,4004.738395
18.99145,124,4006.263428
20.073866,131,4007.80431
25.708817,179,4009.375642
25.456588,181,4011.852012
27.671153,200,4013.433527
20.135765,135,4014.970901
21.630292,145,4016.515033
19.046192,224,4018.123718
26.618369,190,4019.692613
25.985125,186,4021.271207
19.278817,125,4022.792652
19.478902,231,4024.410796
21.020289,140,4025.94804
19.963959,131,4027.468023
25.454204,179,4029.047669
21.546932,253,4031.609957
26.663294,190,4033.17653
21.323647,145,4034.717568
21.07852,139,4036.24767
21.963813,148,4037.764291
23.200019,163,4039.315562
20.144371,135,4040.85371
23.668312,162,4042.413578
24.989549,175,4043.996936
21.776145,147,4045.552433
22.005408,147,4047.097324
19.387381,124,4048.625607
24.078676,168,4050.18954
25.966276,185,4052.646145
26.447546,191,4054.228029
23.663019,162,4055.791985
18.855046,229,4057.425696
20.662098,239,4059.072236
21.123058,143,4060.599888
19.805321,251,4062.239162
23.538665,164,4063.793481
22.811014,155,4065.359696
12.999398,219,4066.989105
22.544636,154,4068.540731
26.440498,187,4071.001534
19.731831,128,4072.515869
22.794553,154,4074.078071
26.983247,191,4075.659417
27.320165,206,4077.257629
26.008352,182,4078.802935
24.003885,164,4080.350076
21.965521,150,4081.902218
24.162492,169,4083.470924
26.456166,187,4085.053513
19.485852,229,4086.651293
26.843859,196,4089.123838
19.115891,121,4090.618749
21.158448,144,4092.159389
24.807269,173,4093.745308
24.023972,166,4095.302687
20.9778,140,4096.852186
23.783301,166,4098.38525
22.424876,158,4099.944507
21.962126,147,4101.502757
15.370909,242,4103.145484
26.011988,183,4104.718151
26.112632,187,4106.269563
27.282297,195,4108.735181
22.581051,154,4110.275945
20.082098,130,4111.817995
25.699688,182,4113.36977
19.934754,131,4114.88515
21.314951,142,4116.409222
19.737518,129,4117.950044
19.973078,129,4119.476349
23.241324,160,4121.03071
22.096493,149,4122.568364
24.210399,170,4124.139599
23.523124,160,4125.660358
14.799029,181,4127.226614
20.979956,140,4128.760115
19.942154,129,4131.207692
21.952391,149,4132.752657
18.181512,113,4134.251023
29.026527,209,4135.863245
13.065134,185,4137.454769
23.966286,166,4139.020722
24.263633,168,4140.573685
25.969816,183,4142.154151
26.063628,183,4143.723022
18.951619,121,4145.209895
27.436009,198,4146.780956
26.951157,192,4148.375435
17.649029,345,4151.011228
19.756176,128,4152.547375
23.721263,162,4154.099902
18.256714,249,4155.748778
17.573598,218,4157.355933
18.999613,123,4158.859936
25.123495,178,4160.444038
26.99954,205,4162.053281
24.741633,178,4163.629826
26.985124,199,4165.23064
23.483461,160,4167.684794
23.668882,162,4169.231225
21.156228,281,4170.90916
21.452243,143,4172.44586
23.913062,165,4174.017558
19.195949,123,4175.541964
24.614842,170,4177.128211
21.294949,142,4178.678729
21.024401,138,4180.222889
18.381924,251,4181.875383
26.662245,195,4183.447083
21.168827,146,4184.998814
26.990015,196,4187.466486
23.469217,160,4188.993592
20.624165,135,4190.540488
23.366898,165,4192.101504
26.963401,192,4193.694575
21.062096,138,4195.242977
27.335904,193,4196.847378
18.005248,231,4198.465798
28.145743,203,4200.07358
20.65849,136,4201.623833
17.467551,318,4203.362377
24.271222,169,4205.814113
23.185367,160,4207.346275
27.612652,198,4208.933119
22.369515,151,4210.484097
26.962543,193,4212.060132
18.556275,236,4213.715653
22.049507,147,4215.249508
17.986575,112,4216.76464
18.791824,121,4218.276046
18.794313,121,4219.808608
25.058389,174,4221.392748
22.511848,153,4222.951431
19.425622,126,4224.46536
23.554521,164,4226.921431
19.866324,2706,4231.949443
26.960173,196,4233.545445
19.746127,129,4235.083135
21.094155,142,4236.610197
25.4318,182,4238.194143
22.370574,151,4239.759999
26.42833,188,4241.352288
20.619009,136,4242.889972
26.353776,187,4244.469171
23.680643,163,4246.893591
23.043364,158,4248.424551
23.268737,163,4249.995645
24.229558,170,4251.578811
17.984464,113,4253.109584
20.116962,130,4254.631903
21.972328,150,4256.182276
20.623304,137,4257.726157
25.487387,179,4259.312792
19.365187,124,4260.824606
28.245445,206,4262.422369
19.338381,123,4263.952069
24.250901,169,4265.500323
21.461172,144,4267.969689
20.042021,260,4269.613062
22.333562,149,4271.168738
27.012899,193,4272.757787
17.967213,1677,4276.866123
16.856257,2812,4281.985996
21.059157,141,4283.528309
22.535094,155,4285.074574
27.275493,195,4286.693549
12.876784,229,4288.299103
18.415978,117,4289.818654
25.403581,180,4292.264979
24.247188,170,4293.817884
18.012206,114,4295.332188
18.635301,242,4296.958201
20.364181,139,4298.508951
26.455233,189,4300.106232
16.463212,208,4301.709952
10.564788,155,4303.258989
18.277177,219,4304.862824
25.441442,182,4306.414533
17.989675,112,4307.910564
26.078852,188,4309.485047
20.148063,131,4311.880961
21.648755,146,4313.397622
19.650018,235,4315.035542
28.254872,206,4316.640724
25.920314,181,4318.214029
26.013435,190,4319.788708
18.561588,287,4321.462348
27.346094,202,4323.050483
26.115783,189,4324.625563
27.013199,191,4326.234575
17.572236,215,4328.695561
18.403287,267,4330.348209
26.882843,194,4331.920595
25.213005,178,4333.512133
27.910073,202,4335.101048
18.048125,119,4336.624321
17.967418,116,4338.119207
13.408175,178,4339.677449
23.033995,317,4341.389577
26.455061,190,4342.969328
21.936322,151,4344.507416
17.369742,720,4347.554798
23.301795,160,4349.11105
23.99335,172,4350.690161
28.262454,208,4352.314412
25.031735,176,4353.851066
21.196204,148,4355.400555
21.136953,140,4356.925844
27.779494,204,4358.521037
26.452059,189,4360.068319
25.118747,177,4362.538779
27.654429,202,4364.134967
19.133162,122,4365.657595
27.584834,201,4367.268025
20.090464,130,4368.783095
21.129663,144,4370.328268
23.263123,160,4371.893087
22.829903,156,4373.45755
24.971882,173,4375.047172
20.386288,133,4376.584761
25.985657,188,4378.144003
24.650225,174,4379.70692
