#{"t_start": 1737020819.9345298, "env_id": "None"}
r,l,t
41.819521,860,4.117402
6.562059,164,5.391992
7.981822,243,6.910281
4.108733,115,8.129263
5.538991,143,9.393956
8.452702,228,10.846078
6.052445,140,12.11536
7.263406,260,13.767942
6.674251,193,15.224691
4.084355,113,16.433359
3.54904,98,17.616802
3.819131,102,18.799638
8.350974,275,20.397834
4.896824,121,21.642878
3.207498,90,22.90592
2.775786,81,24.069903
3.898487,98,25.290251
2.856339,82,26.502638
3.839173,97,27.74556
5.676392,115,28.988246
3.99236,93,30.214546
3.583098,90,31.484521
3.307584,83,32.641203
4.593812,105,33.881603
4.519105,100,35.078906
3.314153,82,36.2617
4.669844,103,37.503003
4.089845,94,38.677385
4.586007,100,39.858979
8.636265,201,41.333896
3.377226,86,42.533241
3.194189,85,43.802064
4.426247,101,45.01496
3.76219,93,46.164152
3.866834,97,47.342453
3.638358,87,48.567226
4.406615,109,49.75929
3.705638,92,50.939351
5.451313,132,52.171677
3.993128,97,53.377355
4.250744,98,54.56682
4.29688,105,55.768917
8.856151,155,57.105798
7.98907,143,58.478077
6.401264,126,59.741558
8.105839,152,61.063086
7.974847,151,62.434522
12.448965,174,63.806699
7.912777,202,65.224704
18.402253,309,66.842341
5.06049,105,68.073119
14.759717,215,69.58361
10.218083,169,70.955105
16.3477,214,72.423426
8.872702,147,73.717258
7.203349,129,74.978531
8.231508,154,76.297279
8.232099,149,77.568422
11.898627,178,78.939105
17.75368,220,80.358661
4.417569,96,81.617075
6.857155,139,82.972686
9.098448,146,84.24822
8.915347,186,85.616815
9.928901,164,86.966355
8.787996,148,88.322067
9.252658,173,89.652782
9.294222,164,91.01707
7.780734,155,92.338403
7.311822,142,93.608699
5.718419,118,94.854878
5.855564,116,96.08262
4.980709,101,97.28689
5.473956,116,98.507936
4.813861,105,99.745596
4.406104,97,100.913162
3.73629,89,102.105342
3.259554,86,103.318524
4.225365,97,104.521789
3.725927,89,105.69504
3.364161,84,106.850783
3.69879,89,108.124177
3.32893,82,109.372167
4.143008,93,110.569665
3.91844,95,111.75541
3.802374,92,112.915926
2.815066,77,114.10898
3.383568,85,115.303997
3.32093,91,116.538241
4.81739,102,117.737652
3.03232,83,118.894246
3.733684,96,120.078146
2.914833,83,121.246671
3.233776,84,122.467631
2.722328,80,123.617183
3.138333,80,124.853199
3.29376,86,126.037516
3.152794,82,127.283738
3.378121,88,128.503141
3.305533,83,129.678644
3.226525,81,130.817738
3.873031,88,132.001006
3.287335,84,133.233996
3.554766,85,134.460338
3.225688,87,135.641858
3.43012,89,136.805549
4.066708,93,138.071078
3.242094,85,139.278849
3.584736,88,139.994177
4.096296,96,141.184406
2.857557,78,142.384254
3.00076,86,143.551682
4.59344,100,144.824011
6.704397,123,146.08189
5.185749,106,147.274765
5.783739,113,148.503033
10.80225,171,149.891314
8.08149,159,151.201158
23.446758,312,152.890472
7.597592,136,154.1841
9.785409,172,155.540741
10.232871,174,156.903313
11.639874,178,158.280429
7.786066,151,159.581856
26.100426,333,161.266918
21.583478,197,162.737859
13.282924,215,164.299268
6.52704,144,165.676887
6.950002,127,166.946374
10.849791,172,168.325698
9.741158,159,169.616734
20.25397,495,171.653062
26.355559,411,173.57343
8.877407,154,174.865016
25.27746,199,176.258503
26.438518,370,178.027409
12.682392,189,179.376988
35.58254,562,181.603878
8.361839,140,182.917812
4.942906,103,184.112972
3.316532,82,185.273128
3.509095,88,186.538767
3.700906,86,187.707572
2.990955,78,188.945417
3.473464,86,190.124691
3.680758,88,191.327279
4.101168,93,192.558904
3.406891,85,193.715752
4.157705,92,194.904265
5.046805,110,196.142778
4.226427,94,197.322191
4.199264,95,198.515746
3.308794,83,199.657276
3.388326,83,200.813592
3.201154,87,201.949687
3.636487,86,203.108572
3.490345,88,204.255122
7.555983,132,205.521343
3.20275,82,206.677158
3.322783,85,207.83893
3.196776,81,208.987033
3.660183,89,210.195856
4.027059,92,211.344476
3.423794,86,212.541737
3.58747,89,213.737583
3.510287,86,214.995241
3.064245,80,216.135937
3.508664,88,217.308695
3.012626,81,218.50243
3.384823,83,219.662645
3.011175,79,220.78545
3.808433,89,221.945938
3.212618,84,223.112522
2.961539,80,224.244839
2.972748,78,225.412296
3.302948,83,226.531609
3.364381,82,227.225724
3.520016,86,228.372188
2.926401,82,229.52043
3.55033,86,230.687739
3.32367,87,231.84525
3.260917,83,232.97465
3.032352,81,234.112989
2.966859,82,235.263385
3.079814,86,236.405829
3.010627,78,237.527452
2.888161,77,238.734861
2.994196,79,239.868417
2.948769,86,241.040235
3.320178,86,242.235352
2.777545,86,243.392761
3.099446,83,244.53254
2.860995,80,245.672711
2.925073,80,246.844769
2.630183,75,247.952301
2.908404,83,249.076396
2.940903,78,250.211991
2.619327,89,251.368029
2.743928,80,252.487436
3.263581,85,253.654402
2.926546,83,254.794345
3.017816,82,255.935199
2.717769,80,257.142333
2.830409,82,258.262685
2.972612,80,259.391454
2.941232,83,260.556951
2.97388,81,261.682902
3.080039,84,262.822914
3.373347,86,264.006071
2.821643,81,265.131552
2.652912,80,266.261292
2.901089,80,267.442493
3.009333,81,268.615569
2.745796,77,269.751868
2.845662,78,270.936525
2.830018,81,272.06251
2.894893,80,273.207636
2.933873,82,274.333734
2.651438,79,275.520739
2.894796,82,276.682267
3.098996,82,277.830979
2.774923,79,278.975455
3.126117,83,280.18982
2.842223,84,281.371821
2.78574,85,282.585015
2.931918,80,283.725951
2.925411,82,284.864328
2.742223,84,286.055387
2.921946,82,287.197942
3.103066,81,288.362739
2.834081,83,289.515433
3.01486,88,290.707354
2.874999,80,291.846633
2.829432,80,292.958707
2.841514,80,294.131038
3.040339,80,295.341877
2.876241,80,296.477446
2.832077,78,297.673812
2.672491,75,298.804451
3.208951,85,300.021791
2.800271,79,301.147226
2.736093,79,302.295196
3.07215,81,303.411235
3.007798,81,304.5806
2.861827,79,305.710994
2.86541,79,306.873119
2.936667,81,308.01737
2.809141,79,309.141176
2.857642,81,310.269565
2.940249,80,311.474695
3.081416,83,312.623707
2.997477,80,313.745809
2.763327,79,314.877805
3.230149,87,316.01629
3.027235,85,317.140724
2.476643,79,318.283068
2.968018,82,319.409196
2.804658,86,320.622519
2.949234,85,321.76182
3.339369,86,322.910014
3.051976,83,324.114704
3.489432,97,325.312379
2.848187,88,326.478255
3.359221,100,327.666686
3.157915,101,328.868521
3.050387,90,330.074236
3.462269,115,331.38708
3.85393,110,332.587983
3.307498,128,333.866571
3.922179,136,335.097737
4.452366,109,336.28035
4.22624,103,337.4733
3.502011,98,338.63445
3.413291,94,339.889148
3.903842,93,341.035786
4.937912,110,342.252522
3.599151,89,343.410396
4.270691,98,344.564293
4.141795,104,345.736155
4.257441,96,346.939159
5.842659,117,348.171295
3.487071,101,349.352946
3.908355,97,350.523701
5.047774,110,351.739958
3.575013,101,352.924074
3.269433,85,354.102644
3.529994,94,355.290756
3.834047,92,356.526591
4.109106,98,357.683421
3.83614,94,358.819406
3.720016,91,359.979593
21.60213,230,361.397071
2.927507,84,362.602709
3.859596,94,363.808077
3.407057,86,364.965224
3.219747,84,366.164119
56.972058,1205,369.579573
2.943057,83,370.720881
3.396379,90,371.879775
5.698653,114,373.088478
3.213868,84,374.345932
3.150677,84,375.48411
4.037222,94,376.707103
2.950078,87,377.907434
16.367512,295,379.452767
4.907104,105,380.620815
4.751493,107,381.81386
3.156777,92,382.980364
3.689196,93,384.148799
2.994633,91,385.27976
14.50714,322,386.897897
3.724086,102,388.136422
3.375044,90,389.29683
3.620796,89,390.469516
5.155251,110,391.679319
7.123589,137,393.007075
6.967122,140,394.26693
3.413956,96,395.405654
8.823196,158,396.691859
5.497902,134,397.926546
7.499325,154,399.262954
4.264366,103,400.445013
5.866026,175,401.755647
15.653311,354,403.522293
4.139914,103,404.682477
3.652782,95,405.849031
8.952059,149,407.095607
11.032315,194,408.453012
4.094492,106,409.636969
4.743121,106,410.880919
7.054693,127,412.099514
5.698189,117,413.283514
5.105646,106,414.486793
126.41551,2093,419.763232
17.72655,403,421.554778
13.394174,276,423.097554
6.134443,139,424.408715
20.032538,386,426.17436
5.216768,184,427.542289
272.163508,5074,438.958767
3.217492,340,440.609143
3.026241,80,441.75812
3.050961,81,442.897077
3.086196,82,444.039652
3.27121,85,445.170445
2.949472,81,446.299093
2.950869,80,447.445422
2.861264,420,449.278634
2.954103,78,450.403261
5.179942,113,451.58706
3.889283,214,452.984553
2.96679,78,454.125306
2.936665,82,455.287171
2.822184,79,456.484486
2.758162,79,457.678368
2.970701,79,458.804683
3.080986,80,459.987421
3.145542,86,461.15757
2.846547,79,462.329557
3.348914,86,463.504714
2.699584,77,464.639366
3.023844,78,465.824182
2.695728,79,466.950812
2.891291,80,468.09163
2.888109,79,469.234411
5.479839,174,470.558665
3.09133,79,471.71208
3.026793,78,472.826639
2.81992,79,473.943651
4.093223,99,475.120578
5.253955,122,476.344378
3.144152,81,477.516675
14.922653,276,479.040056
2.909317,81,480.184143
3.002572,79,481.356552
2.94425,78,482.483689
2.823876,80,483.627497
3.058086,81,484.797879
3.096352,82,485.919677
5.804123,121,487.176069
3.203665,88,488.328613
3.69147,86,489.485703
64.680102,889,492.242714
15.478876,264,493.744883
2.921946,78,494.895397
4.075749,92,496.058524
3.682534,90,497.207177
2.752215,76,498.356801
9.528251,186,499.688668
3.151037,84,500.825536
8.251533,139,501.59978
2.979642,79,502.742548
5.149204,106,504.000416
3.603361,89,505.133103
2.736543,76,506.234546
3.060491,80,507.346901
2.704995,78,508.542723
2.882659,78,509.733339
5.957616,118,510.96187
12.670347,237,512.43463
3.173608,80,513.580142
2.707267,80,514.696892
35.28489,540,516.745994
3.260411,86,517.871262
125.355393,1722,522.331036
4.268995,98,523.492785
18.067589,308,525.093368
348.58079,4965,536.021241
5.677473,131,537.242965
20.135487,323,538.833752
3.591103,90,539.988734
140.072581,2538,546.120545
6.680221,124,547.382565
3.310545,86,548.511661
21.884935,667,550.803022
2.813092,78,551.907543
4.12161,94,553.122265
3.238809,82,554.284107
46.49069,745,556.755997
28.128831,257,558.248568
122.952657,2439,564.174546
18.858433,285,565.717873
53.707309,838,568.44075
55.140991,883,571.260723
5.768003,115,572.510057
45.766107,734,574.974233
4.629267,100,576.138015
56.883265,1510,580.235535
7.986967,151,581.571358
4.466407,108,582.788107
6.182998,115,584.02127
49.226893,920,586.897975
9.15585,153,588.249057
4.657754,104,589.441674
5.109185,113,590.663684
20.412242,298,592.265625
54.080523,1025,595.400566
19.651653,292,597.023693
6.695081,122,598.282843
48.41432,658,600.595201
3.460984,89,601.741932
4.805229,102,602.99948
3.436687,90,604.129719
3.576478,90,605.404294
5.6301,120,606.688148
2.949548,80,607.842755
4.299097,98,609.031075
3.701667,90,610.236005
2.799959,78,611.3651
3.556599,93,612.554313
30.462452,744,615.083011
4.855021,114,616.33944
92.803937,1740,620.859952
3.333621,84,621.988457
7.809125,161,623.300681
3.088395,82,624.438502
59.599018,2386,630.460313
2.873985,80,631.590028
3.212479,99,632.782963
2.930812,86,633.931011
2.768527,92,635.083305
2.927509,85,636.328833
2.870514,87,637.488339
3.474063,101,638.651158
3.596138,107,639.838381
3.189961,90,640.98552
3.012646,83,642.175962
3.091264,84,643.325763
3.11036,83,644.461515
2.787994,91,645.639557
2.987268,87,646.79333
3.058747,81,647.952561
2.90394,79,649.0975
3.097465,82,650.232242
3.163176,84,651.409032
3.162363,84,652.595926
2.855086,84,653.746551
2.826575,82,654.888658
2.750823,80,656.105617
2.907227,86,657.324713
3.209718,84,658.46102
3.107631,85,659.602543
2.709878,82,660.738344
3.198385,87,661.896573
2.915626,84,663.022297
2.728129,92,664.207687
2.556026,83,665.339442
2.93677,91,666.53433
2.967426,83,667.656072
3.237609,100,668.868923
2.92675,84,669.987493
3.313304,87,671.140112
3.674149,99,672.299701
3.854853,91,673.440251
3.303493,86,674.611208
3.303071,85,675.83632
3.175244,84,676.974427
3.244268,83,678.102983
3.105134,83,679.236132
2.929836,82,680.472113
3.024741,81,681.665327
2.88061,82,682.834202
2.849653,77,683.939483
2.845862,79,685.125852
2.686969,78,686.238896
2.916664,81,687.36659
2.862769,79,688.478378
2.773884,77,689.595141
2.91627,83,690.765764
3.029116,81,691.880718
2.89369,82,693.031895
2.784574,79,694.217793
2.759144,80,695.334681
2.864537,78,696.46888
2.795491,76,697.576537
2.938796,81,698.717548
3.013207,79,699.849233
2.802683,76,700.988617
2.460932,77,702.172557
2.988801,79,703.300647
2.780879,78,704.540603
2.860282,77,705.674947
2.874812,79,706.798993
2.809717,77,707.942036
2.95205,79,709.083206
3.383965,82,710.24311
3.0369,82,711.368055
2.834631,83,712.517915
2.745181,77,713.62013
2.867174,83,714.774047
3.046671,85,715.90426
3.054659,86,717.059981
2.709431,80,718.224426
2.9689,84,719.372431
2.691144,84,720.543857
2.575486,79,721.693741
3.122285,84,722.828488
2.681372,81,724.046242
2.799048,85,725.243717
2.352101,83,726.370284
2.941393,86,727.505364
2.772238,88,728.71643
2.898045,82,729.881406
2.963806,95,731.083096
2.837346,85,732.210187
2.875794,83,733.355695
2.915989,88,734.493655
3.035257,84,735.629492
3.208087,90,736.827238
2.772607,79,737.957927
2.82424,96,739.210018
2.672156,87,740.445606
2.761983,86,741.633578
2.56341,103,742.786149
2.980817,90,743.987583
2.699343,95,745.124194
3.492844,140,746.379514
2.811051,88,747.51623
2.903694,93,748.675543
2.727182,89,749.832397
2.851608,91,751.004642
2.55308,86,752.1612
2.849282,93,753.340955
2.734803,89,754.485823
3.974391,147,755.75692
2.968738,84,756.90825
2.76864,77,758.039783
2.840384,83,759.197232
3.24004,83,760.360193
3.704264,106,761.579506
3.126648,82,762.787427
2.769662,76,763.92448
3.102519,81,765.049232
3.225228,83,766.188035
3.219353,82,767.391495
3.096217,83,768.515899
3.344243,82,769.689745
3.938434,99,770.865644
3.37618,82,771.989102
3.34345,86,773.161719
2.979184,78,774.287513
3.7844,89,775.53056
3.352228,84,776.720391
3.36369,83,777.838542
3.653462,88,778.973194
3.241626,82,780.138638
3.189517,84,781.358794
2.935701,79,782.506768
3.249228,84,783.681881
3.225396,84,784.809455
3.005441,79,785.963396
2.572076,78,787.204343
2.712559,81,788.344892
2.974741,79,789.523353
2.956453,91,790.684652
2.352961,88,791.890389
3.294975,88,793.033309
2.921622,78,794.242226
3.084046,83,795.405937
3.189996,80,796.548681
2.92414,78,797.681456
69.295814,1830,802.30542
47.430242,864,805.016083
40.543235,769,807.564888
9.612759,164,808.951289
3.204336,84,810.095822
2.929451,79,811.245814
3.284411,83,812.371567
3.042501,80,813.498341
3.089099,84,814.662613
2.637902,79,815.944574
2.93846,80,817.124767
2.874983,80,818.27978
2.981497,81,819.485581
2.838128,82,820.629273
2.932159,93,821.83879
2.920817,83,823.026028
3.024453,83,824.161583
2.73615,78,825.310619
2.68688,78,826.427016
3.063911,81,827.603521
3.942217,108,828.821705
3.154153,83,829.97582
3.129309,83,831.108107
3.038329,82,832.237507
3.360742,84,833.398441
4.694449,143,834.676648
4.052057,113,835.861879
2.805447,85,837.027419
47.640604,907,839.848015
73.64629,1150,843.236956
3.53214,89,844.390392
3.070362,83,845.577174
3.05845,81,846.69979
3.657651,93,847.843508
16.054018,267,849.348314
3.003408,84,850.563078
229.020653,3516,858.729935
3.634624,87,859.876018
119.940196,1935,864.872217
3.134397,80,865.986943
3.295279,86,867.130043
2.970669,80,868.249582
81.241114,1182,871.645215
7.721168,138,872.877064
49.626292,1007,875.901483
22.021212,177,877.248983
2.781413,79,878.382509
3.411006,86,879.514253
63.520055,763,882.096094
45.909668,788,884.643
2.866957,76,885.763663
5.037592,116,886.976308
3.810276,104,888.214358
3.000012,82,889.388672
2.960094,78,890.514649
3.05375,79,891.633752
3.452399,82,892.748356
2.767623,80,893.893492
3.499692,88,895.066162
79.422074,1525,899.133827
2.709168,77,900.421896
3.011466,86,901.546329
4.304837,99,902.696339
2.733609,78,903.822658
2.898826,77,904.943753
3.317791,87,906.117863
2.786868,77,907.230365
2.878768,78,908.415016
2.747879,76,909.593706
2.965574,77,910.807498
3.011683,82,911.991211
3.180664,82,913.181696
2.708391,80,914.305837
3.064068,81,915.530054
3.284265,83,916.691402
3.093576,80,917.829249
3.497985,140,919.13763
3.150239,82,920.283843
3.578357,108,921.507513
3.069827,77,922.661842
4.178044,101,923.822139
3.274356,81,924.962574
3.229664,114,926.155142
3.136541,85,927.318528
3.569125,88,928.454631
5.89387,135,929.717727
3.701046,91,930.853082
3.066956,80,931.967352
3.416465,88,933.107994
213.681482,3056,940.45266
5.295375,143,941.769284
6.71803,130,943.046426
4.489019,102,944.24198
3.355647,83,945.365847
58.64615,1199,948.702419
6.042456,144,949.977841
33.331136,334,951.617894
9.198025,168,953.004357
3.71885,88,954.138009
5.934724,120,955.372041
3.619586,87,956.594063
6.769564,125,957.806342
4.35427,96,958.967933
7.339207,135,960.226887
33.074568,586,962.441716
12.516774,182,963.808186
7.981666,163,965.202602
8.464408,146,966.495614
8.831826,149,967.820374
7.831115,184,969.184917
10.800085,172,970.496777
5.755116,128,971.756021
8.171821,136,973.012415
20.388214,152,974.271547
8.053272,164,975.783157
5.828642,112,976.992844
4.120949,92,978.141336
3.711444,93,979.311059
138.434024,1964,984.439936
118.950736,17055,1020.908545
5.235411,112,1022.153172
11.552186,221,1023.647801
13.649203,250,1025.149935
44.153065,707,1027.562539
3.675963,89,1028.763294
47.399783,528,1030.809648
4.223353,98,1032.003763
29.744525,466,1033.905281
5.016846,106,1035.219414
5.888758,120,1036.408602
103.744254,1526,1040.595129
6.571459,139,1041.917381
3.91783,97,1043.100477
6.088074,122,1044.398955
5.610483,114,1045.657812
4.281884,95,1046.986806
3.911893,98,1048.248793
11.07232,174,1049.610045
6.505764,129,1050.89289
4.063996,99,1052.111535
8.510359,214,1053.591506
5.49971,116,1054.797523
8.632468,149,1056.094241
5.781317,128,1057.337218
7.425796,141,1058.585043
4.635084,108,1059.782415
4.069285,95,1060.948103
20.148578,145,1062.227673
4.942151,107,1063.409593
5.833891,120,1064.659581
4.574716,105,1065.860575
34.125925,612,1068.105703
4.750386,102,1069.392855
3.058723,78,1070.528427
4.321472,96,1071.711084
16.555245,271,1073.273148
32.745444,2742,1079.963845
28.846616,276,1081.120479
21.027713,158,1082.419876
3.446748,84,1083.578159
3.835615,91,1084.738478
4.616756,100,1085.926197
5.617401,114,1087.192238
5.253493,111,1088.381127
4.337204,111,1089.579453
7.758436,156,1090.924021
5.493681,113,1092.111891
11.519851,228,1093.56042
8.783927,151,1094.829221
5.973977,126,1096.04723
19.224276,140,1097.287664
4.776045,101,1098.460887
5.968211,126,1099.746522
87.073362,1178,1103.127061
8.480555,157,1104.396616
7.437435,129,1105.640577
9.155647,160,1106.926957
11.326062,171,1108.233233
6.966426,151,1109.582566
8.275007,148,1110.853487
6.255591,138,1112.117857
5.906609,114,1113.339087
4.355321,97,1114.502526
8.285141,151,1115.822822
20.223133,394,1117.719203
6.558751,130,1118.931564
8.407409,153,1120.20877
4.81966,102,1121.381532
4.921391,118,1122.57972
21.200913,144,1123.928017
9.484766,166,1125.253358
4.999012,110,1126.481087
22.306643,335,1128.214543
4.611433,110,1129.43417
3.929383,92,1130.5775
5.121764,107,1131.769915
5.418543,110,1132.979421
3.058093,81,1134.151632
4.928942,106,1135.421243
4.407109,102,1136.602667
4.469066,96,1137.825541
6.057786,121,1139.194201
5.180572,110,1140.415864
5.986194,116,1141.615719
10.224135,168,1142.908972
5.036835,103,1144.144962
3.886755,94,1145.329552
5.189263,106,1146.543648
4.655678,104,1147.734314
5.411853,113,1148.909737
7.822263,173,1150.248004
5.419023,113,1151.475512
7.005515,140,1152.752269
5.980642,116,1153.999658
6.832759,135,1155.222002
5.171228,111,1155.92113
5.947993,118,1157.129545
7.556936,142,1158.449322
5.067569,103,1159.6849
6.883124,144,1161.028885
101.835588,1325,1164.714583
53.647809,724,1167.152357
84.142769,1345,1170.857734
51.171306,830,1173.638843
5.763351,121,1174.830696
6.083548,122,1176.048768
22.021564,330,1177.703501
10.495523,167,1179.004069
44.82395,656,1181.365784
50.357011,1173,1184.757961
8.760533,148,1186.039416
4.59357,109,1187.295312
6.395558,137,1188.578831
5.210722,111,1189.795714
5.470782,113,1191.042519
20.725958,2832,1197.878287
6.57146,122,1199.131264
6.964671,146,1200.38173
5.648211,113,1201.590664
48.732781,692,1203.948842
28.486926,501,1205.928259
8.836524,156,1207.254211
11.997186,190,1208.617943
17.269298,296,1210.242497
9.633675,157,1211.544428
49.147945,1416,1215.569191
40.105821,790,1218.157859
13.966623,191,1219.489797
11.476384,679,1221.854405
46.973103,634,1224.107003
7.695005,156,1225.399554
23.569721,347,1227.081759
8.055708,156,1228.374577
9.732093,162,1229.698532
9.092932,163,1230.978368
24.861199,425,1232.864631
9.306913,156,1234.162769
9.730704,159,1235.494374
18.790238,119,1236.706936
5.649746,144,1238.039644
9.386219,223,1239.495338
4.667475,98,1240.722813
31.219335,456,1242.661813
13.123855,181,1243.983961
7.756507,229,1245.416674
5.571336,113,1246.596571
8.790312,208,1248.014222
23.317079,170,1249.377954
35.722208,607,1251.675466
13.468655,210,1253.112356
11.102589,187,1254.48231
9.611684,155,1255.822721
5.367157,118,1257.05414
4.277608,98,1258.203905
6.556806,121,1259.478487
9.493771,148,1260.770612
5.329745,111,1262.005279
5.106734,114,1263.197786
19.700953,312,1264.815358
6.122276,117,1266.022643
16.030095,287,1267.55181
8.136386,154,1268.877501
10.775476,164,1270.224857
9.179941,145,1271.505955
8.829753,154,1272.837188
9.523409,153,1274.156779
9.437206,153,1275.434761
7.00353,131,1276.814142
19.334896,124,1278.065593
8.649782,169,1279.377635
41.201594,569,1281.493947
11.751376,249,1282.984839
14.431822,219,1284.377074
7.711432,153,1285.705121
45.167106,741,1288.111983
9.28521,162,1289.438805
9.915889,165,1290.784657
17.975831,117,1291.986215
11.792282,169,1293.365637
30.031605,389,1295.141643
119.370468,1673,1299.525618
11.229654,187,1300.86882
11.440817,190,1302.239209
5.867029,146,1303.531616
11.242457,176,1304.878366
11.275862,224,1306.285061
302.963193,4464,1316.344772
6.453783,130,1317.613551
9.119424,156,1318.906563
11.251274,169,1320.242875
6.861578,150,1321.515641
8.845334,157,1322.852969
7.212893,130,1324.150633
5.145855,105,1325.377848
7.947173,159,1326.661795
136.764649,1763,1331.212055
4.693364,145,1332.546275
11.744537,196,1333.932647
106.279665,1429,1337.828325
124.311368,1773,1342.363016
6.963351,140,1343.622255
8.162902,181,1345.026747
21.989698,174,1346.396642
23.097357,630,1348.653499
7.588965,163,1349.940829
6.21778,120,1351.252269
13.482632,265,1352.787892
5.16313,359,1354.469514
120.027794,1777,1359.27742
3.129475,86,1360.439903
3.090732,79,1361.573243
2.977806,79,1362.714247
3.355042,83,1363.859693
2.913869,78,1364.5365
3.058104,78,1365.687958
3.595145,85,1366.849926
3.0187,80,1367.985638
2.845108,77,1369.099969
3.70811,88,1370.333652
2.962273,79,1371.461522
3.069014,80,1372.67184
2.93959,79,1373.799631
3.268509,83,1374.987108
2.665976,76,1376.202241
2.873094,80,1377.313632
2.998861,80,1378.520658
3.256145,82,1379.68927
2.754809,79,1380.865191
2.915398,79,1382.006802
2.860258,78,1383.140143
2.964679,79,1384.306305
3.174984,81,1385.481505
2.906949,77,1386.617303
2.989831,80,1387.774102
2.776139,79,1388.942801
2.678387,78,1390.073069
2.978814,79,1391.305732
3.002327,81,1392.45111
2.849757,78,1393.586729
2.932094,78,1394.714509
2.94561,79,1395.885551
3.073234,81,1397.019822
2.993112,79,1398.157637
2.994556,78,1399.284071
2.964981,79,1400.551854
2.638445,79,1401.701284
2.992995,79,1402.835313
2.99483,79,1403.977021
3.027095,78,1405.114281
2.766419,79,1406.271063
2.964981,79,1407.420212
3.009479,79,1408.535006
2.722818,79,1409.705993
2.680837,79,1410.880493
2.897651,79,1412.020134
2.735483,79,1413.201789
2.9843,79,1414.421232
2.918789,79,1415.549164
2.964931,79,1416.672751
2.966804,79,1417.804524
2.991232,79,1418.98775
2.740417,79,1420.203144
2.876649,79,1421.357141
2.996527,79,1422.526945
3.081488,82,1423.710499
2.979242,79,1424.85407
2.749534,79,1426.019018
2.839169,79,1427.152695
2.974912,79,1428.305581
2.94121,79,1429.427076
2.986118,79,1430.543316
2.939617,79,1431.662037
2.985208,79,1432.822136
2.810509,79,1433.950416
2.964419,79,1435.091743
2.652316,79,1436.234031
2.873251,79,1437.349894
3.002524,79,1438.470275
2.884502,79,1439.598819
2.9749,79,1440.773326
2.873251,79,1441.979178
2.789831,79,1443.122346
2.956362,79,1444.253298
2.9843,79,1445.365747
2.942762,79,1446.570224
3.093543,82,1447.810058
2.966915,79,1448.953418
2.999486,79,1450.015815
2.942762,79,1451.266902
2.94561,79,1452.476556
3.000264,79,1453.583211
2.890529,79,1454.73452
2.885071,76,1455.879106
2.811304,79,1457.043038
2.96352,79,1458.186682
2.722818,79,1459.337196
2.925926,79,1460.482673
2.94955,79,1461.616443
2.707582,79,1462.737566
2.94151,79,1463.9168
2.631823,79,1465.057059
2.978855,79,1466.278955
2.717226,79,1467.440447
2.745232,79,1468.677182
2.973026,79,1469.78966
2.908553,79,1470.916371
2.964981,79,1472.02919
3.112705,80,1473.203698
2.978855,79,1474.337186
2.838823,79,1475.45801
2.674649,79,1476.658467
2.955665,79,1477.768384
2.958311,79,1478.896082
2.985296,79,1480.079443
2.969921,79,1481.257492
2.960718,79,1482.394496
2.967075,79,1483.582558
2.845981,76,1484.730339
2.740417,79,1485.931592
2.978425,79,1487.096461
2.637603,76,1488.28433
2.94955,79,1489.471635
3.060124,79,1490.6286
2.884502,79,1491.834605
2.979748,79,1492.963386
2.983064,79,1494.129333
2.775482,79,1495.250719
2.828866,79,1496.36848
2.939304,79,1497.529237
2.985208,79,1498.69061
2.941037,79,1499.847666
2.938356,79,1501.017917
2.94561,79,1502.303129
2.855403,79,1503.439479
2.921763,79,1504.567009
2.564885,79,1505.722882
2.959777,79,1506.861336
2.897651,79,1508.014898
2.974962,79,1509.139518
2.973026,79,1510.320506
2.976986,79,1511.538643
2.960703,79,1512.682512
2.959777,79,1513.83817
2.964419,79,1515.009657
2.839578,79,1516.153532
2.818297,79,1517.306547
2.960865,79,1518.479872
2.818162,79,1519.616479
2.96189,79,1520.754862
2.873251,79,1521.890493
2.62645,79,1523.029248
2.935431,79,1524.18742
2.763731,80,1525.301496
2.932374,79,1526.456204
2.655853,78,1527.604456
2.890529,79,1528.750746
2.96352,79,1529.893723
2.939617,79,1531.038086
3.008376,79,1532.329648
2.959777,79,1533.451741
2.940864,79,1534.588279
2.991232,79,1535.745281
2.837273,79,1536.901678
2.96352,79,1538.053727
2.99483,79,1539.186725
2.939617,79,1540.303748
2.818162,79,1541.416839
2.790163,79,1542.605102
2.908553,79,1543.768018
2.969921,79,1544.957878
2.978855,79,1546.246459
2.883146,79,1547.398135
2.9749,79,1548.550457
2.62645,79,1549.70879
2.873251,79,1550.879092
2.762185,79,1552.01429
2.966915,79,1553.149788
2.949228,79,1554.291179
2.939617,79,1555.538974
2.973793,79,1556.685565
2.802289,79,1557.807876
2.827003,79,1559.007054
2.981133,79,1560.20312
2.973026,79,1561.336277
2.9749,79,1562.485083
2.970701,79,1563.636427
2.918789,79,1564.753603
2.981133,79,1565.911858
2.965668,79,1567.059096
2.991232,79,1568.190762
2.939304,79,1569.313268
2.973793,79,1570.451849
2.949228,79,1571.601577
2.839169,79,1572.737841
2.987748,79,1573.936535
2.939304,79,1575.122106
2.94561,79,1576.290938
2.949855,79,1577.487801
2.989498,79,1578.638483
2.866534,79,1579.780153
2.984974,79,1580.938488
2.925926,79,1582.063723
2.839169,79,1583.215584
2.925926,79,1584.430985
2.939617,79,1585.589497
2.981133,79,1586.749711
2.867617,79,1587.944799
2.959777,79,1589.090878
2.949855,79,1590.218668
2.818162,79,1591.402497
2.948488,79,1592.53769
2.890529,79,1593.667171
2.814566,79,1594.818724
2.853808,79,1595.953513
3.000264,79,1597.221331
2.970701,79,1598.330113
2.631823,79,1599.454791
2.730385,79,1600.587911
2.894628,79,1601.758141
2.938356,79,1602.885528
2.977108,79,1604.021673
2.978814,79,1605.222403
2.972944,79,1606.347589
2.960703,79,1607.509068
3.002524,79,1608.64298
2.938356,79,1609.808845
2.717226,79,1610.985862
2.884502,79,1612.107158
2.766419,79,1613.256361
2.918789,79,1614.391479
2.893433,79,1615.555996
2.991232,79,1616.665922
2.883146,79,1617.81915
2.95079,79,1619.056828
2.740417,79,1620.188215
2.838823,79,1621.326441
2.960865,79,1622.518398
2.835656,79,1623.646538
2.948606,79,1624.804696
2.984119,79,1625.93978
2.999486,79,1627.069709
2.82803,79,1628.231763
2.883146,79,1629.379463
2.969221,79,1630.519336
2.999486,79,1631.691762
2.946716,79,1632.831711
2.979748,79,1633.983869
2.962537,79,1635.159547
2.987748,79,1636.274473
2.707582,79,1637.420582
2.564885,79,1638.533793
2.903693,79,1639.718114
2.894628,79,1640.855566
2.972574,79,1641.969174
2.946716,79,1643.118882
2.981372,79,1644.25667
2.814566,79,1645.371757
2.766808,79,1646.579995
2.855403,79,1647.742816
2.939617,79,1648.90276
2.950793,79,1650.088758
2.93959,79,1651.252774
2.94121,79,1652.426203
2.71127,79,1653.555444
2.903693,79,1654.714211
2.779728,79,1655.88649
2.680837,79,1657.019254
2.942762,79,1658.154512
2.684453,79,1659.427922
2.93576,79,1660.588428
2.680837,79,1661.771671
2.959777,79,1662.904843
2.99483,79,1664.048241
2.918789,79,1665.189176
2.631823,79,1666.309667
2.95079,79,1667.452048
2.793328,79,1668.606421
2.977108,79,1669.720739
2.942762,79,1670.887539
2.955665,79,1672.040787
2.717226,79,1673.192924
2.984119,79,1674.333495
2.964981,79,1675.487533
2.940864,79,1676.639077
2.740417,79,1677.774539
2.96142,79,1678.919677
2.903693,79,1680.128319
2.973026,79,1681.252453
2.818162,79,1682.421961
2.669469,79,1683.57213
2.730385,79,1684.786055
2.790163,79,1685.965537
2.837273,79,1687.117188
2.955665,79,1688.313164
2.839169,79,1689.430083
2.981133,79,1690.58508
2.938527,79,1691.83247
2.961533,79,1693.099943
3.016794,79,1694.270941
2.807392,79,1695.403774
2.962537,79,1696.561009
2.732269,79,1697.663777
2.764499,79,1698.832297
3.009479,79,1700.02191
3.013246,79,1701.198853
2.936288,79,1702.438275
2.901116,79,1703.602197
2.878898,79,1704.800097
2.732373,78,1705.920489
2.730385,79,1707.093344
3.009479,79,1708.213968
2.95079,79,1709.399798
2.958627,79,1710.235713
2.966804,79,1711.494874
2.989498,79,1712.75369
2.894628,79,1713.912481
2.999743,79,1715.16631
2.902632,79,1716.395779
2.925926,79,1717.545022
2.824508,79,1718.720297
2.684453,79,1719.994885
2.638445,79,1721.160989
2.897651,79,1722.289963
2.960703,79,1723.430065
2.839169,79,1724.573273
2.564885,79,1725.77006
2.818162,79,1726.921717
3.009483,79,1728.053468
2.966915,79,1729.187586
2.923783,79,1730.334765
2.839169,79,1731.579672
2.966915,79,1732.758039
2.894628,79,1734.041047
2.839169,79,1735.342784
2.814566,79,1736.553818
2.948606,79,1737.874646
2.955665,79,1739.092457
2.631823,79,1740.278042
3.013246,79,1741.492186
2.950793,79,1742.754681
2.951664,79,1743.932845
2.94561,79,1745.23339
2.911926,79,1746.466697
2.837273,79,1747.67638
2.979748,79,1748.897691
3.000264,79,1750.020563
2.864243,78,1751.107167
2.767802,78,1752.452623
2.963872,79,1753.715094
2.707005,80,1754.861601
3.009479,79,1756.010349
2.908793,77,1757.17238
2.779625,79,1758.302336
2.939311,78,1759.460562
2.630241,79,1760.566511
2.762185,79,1761.704618
2.814566,79,1762.846995
2.938356,79,1763.980284
3.008376,79,1765.122673
2.964981,79,1766.239432
2.70153,79,1767.386734
2.582801,77,1768.531765
2.878393,78,1769.655527
3.009356,79,1770.817412
2.959777,79,1771.967374
2.978855,79,1773.10676
2.973307,79,1774.278999
3.016605,81,1775.436996
3.027262,79,1776.58524
3.108696,80,1777.772223
3.07821,83,1778.941905
2.852601,78,1780.087918
3.204149,84,1781.236705
2.98308,78,1782.370908
2.883273,78,1783.524009
2.899653,76,1784.749721
3.046922,80,1785.906435
3.2232,81,1787.039792
3.019357,80,1788.237952
3.198219,81,1789.387256
3.017862,79,1790.525
3.009817,81,1791.66524
2.786727,79,1792.781756
2.933296,79,1793.920511
3.137864,83,1795.070884
2.752507,79,1796.205443
2.890557,79,1797.410604
2.894399,78,1798.556636
2.82803,79,1799.692808
2.728831,79,1800.840573
2.886213,77,1801.951929
2.911779,78,1803.069892
2.991471,79,1804.20925
2.936204,78,1805.403475
2.964142,79,1806.521777
2.779728,79,1807.652392
2.722818,79,1808.837461
2.908553,79,1810.06747
2.974912,79,1811.320232
2.923783,79,1812.459127
2.957823,79,1813.570315
2.652316,79,1814.739285
2.951664,79,1815.85174
2.674649,79,1816.994375
2.967075,79,1818.11588
2.93576,79,1819.245553
2.631823,79,1820.404973
2.965796,79,1821.528325
2.874692,76,1822.646515
2.695728,79,1823.785922
2.669469,79,1825.009606
2.674649,79,1826.283335
2.96211,79,1827.437734
2.810509,79,1828.550151
2.684453,79,1829.687634
2.978855,79,1830.871693
2.82803,79,1832.021449
2.988097,80,1833.193909
2.903693,79,1834.376487
3.064343,78,1835.515736
3.029264,79,1836.66047
2.94121,79,1837.788803
2.987748,79,1838.937589
2.859771,79,1840.133531
2.969221,79,1841.299102
2.967075,79,1842.571352
2.884502,79,1843.780975
2.939304,79,1844.915182
2.966804,79,1846.115795
2.949855,79,1847.336127
2.947388,79,1848.46641
2.730385,79,1849.629128
2.897651,79,1850.732373
2.96579,79,1851.869015
2.966804,79,1853.015397
2.740417,79,1854.138648
2.82803,79,1855.253502
2.977108,79,1856.400879
2.948833,79,1857.539372
2.989498,79,1858.671911
2.752507,79,1859.862341
2.735483,79,1861.009818
2.717226,79,1862.248992
2.94121,79,1863.397381
2.985296,79,1864.524044
2.883146,79,1865.689564
2.979748,79,1866.834477
3.016794,79,1867.98911
2.948006,79,1869.143674
2.955665,79,1870.35529
2.873251,79,1871.475716
2.999486,79,1872.634602
2.652316,79,1873.836941
2.950507,79,1874.972551
2.93959,79,1876.105977
2.943218,79,1877.245226
2.9749,79,1878.421051
2.883146,79,1879.604172
2.974949,79,1880.849657
2.969479,79,1882.00254
2.766808,79,1883.13305
2.939304,79,1884.274611
2.939617,79,1885.409379
2.981372,79,1886.55952
2.903557,78,1887.79732
2.846008,79,1888.977931
2.779728,79,1890.099486
2.991232,79,1891.285117
2.981133,79,1892.419469
2.790163,79,1893.587526
2.985296,79,1894.708062
2.959777,79,1895.842524
2.939617,79,1896.977716
2.869666,80,1898.115026
3.016794,79,1899.246994
2.964931,79,1900.43856
3.002443,78,1901.648595
2.974949,79,1902.799438
3.021063,79,1904.041998
2.674649,79,1905.170443
2.973603,79,1906.338214
2.967896,79,1907.541525
2.71127,79,1908.720702
2.950793,79,1909.893273
2.938356,79,1911.055549
2.695883,79,1912.220096
2.93576,79,1913.366292
2.978738,79,1914.569813
2.781064,79,1915.739427
2.997571,79,1916.938665
2.93146,78,1918.205445
2.972573,79,1919.319946
2.949692,79,1920.461848
3.031031,80,1921.601352
2.979175,78,1922.773185
3.060613,81,1923.996768
3.215428,86,1925.150054
2.829591,79,1926.325553
2.910005,78,1927.472257
3.228203,83,1928.632759
2.976383,79,1929.760079
3.015882,80,1930.95546
2.974749,81,1932.098452
2.952969,79,1933.250203
2.916721,79,1934.394757
2.942762,79,1935.536337
2.810509,79,1936.684864
2.849366,79,1937.841183
2.827003,79,1938.962837
2.92511,79,1940.073432
3.009872,80,1941.236853
2.752507,79,1942.371915
2.762185,79,1943.487661
2.936288,79,1944.638335
2.97732,79,1945.770334
2.883146,79,1946.930609
2.674649,79,1948.068439
2.965209,79,1949.205735
2.96339,79,1950.390741
2.948833,79,1951.539766
2.88137,78,1952.778032
2.978738,79,1953.943308
3.014394,79,1955.127355
2.976857,79,1956.261445
2.881833,79,1957.394257
2.966502,79,1958.521139
2.89613,79,1959.659884
2.945262,77,1960.809364
2.999801,80,1961.961355
2.763955,76,1963.100161
2.932923,79,1964.238344
2.927047,79,1965.373207
2.959777,79,1966.507246
2.934222,79,1967.661717
3.343605,82,1968.85988
2.910982,79,1970.037507
3.069706,81,1971.200409
2.966915,79,1972.333432
2.955665,79,1973.479225
2.972754,78,1974.669398
3.044531,79,1975.824603
2.856181,79,1977.000273
3.010244,78,1978.21078
2.995683,80,1979.339978
2.655401,76,1980.461902
3.020722,80,1981.35591
2.893902,78,1982.533433
3.062027,83,1983.657785
3.070396,79,1984.80595
3.502814,86,1985.977995
2.742178,78,1987.164498
3.111849,80,1988.289573
3.514245,87,1989.470512
3.450215,89,1990.646162
3.164874,82,1991.828875
3.377965,86,1992.983791
3.693387,86,1994.234364
3.007509,81,1995.428582
3.465613,86,1996.555118
3.545688,87,1997.754486
3.43021,85,1998.905924
3.98992,91,2000.05898
3.20113,81,2001.211383
3.355558,83,2002.370549
3.262588,80,2003.48947
3.707115,91,2004.681129
3.141529,78,2005.790634
3.221683,82,2006.940074
3.393976,85,2008.10236
3.258266,82,2009.309642
3.44627,86,2010.439074
3.261814,81,2011.572483
3.604778,89,2012.744884
3.809136,90,2013.92323
3.430615,85,2015.086335
2.930669,78,2016.217098
3.204037,82,2017.370462
3.358683,84,2018.504279
3.037853,83,2019.642897
3.896891,90,2020.800983
3.735686,88,2021.951907
3.884566,90,2023.162452
3.083352,81,2024.339584
3.555922,87,2025.557606
3.039731,83,2026.698295
5.055555,105,2027.876674
3.643097,92,2029.045189
3.630593,91,2030.205472
2.831529,84,2031.384472
3.993369,89,2032.525971
4.46824,98,2033.72399
4.169874,98,2034.894992
3.816935,88,2036.039536
3.167859,82,2037.180398
2.679022,80,2038.330959
3.263615,84,2039.472488
2.98937,80,2040.632558
3.096544,81,2041.762231
3.72009,89,2042.912187
3.234115,82,2044.101019
3.604617,88,2045.288634
3.077249,80,2046.48662
3.257075,82,2047.688799
2.465075,77,2048.822381
3.029648,80,2050.008776
2.868284,79,2051.161727
2.963637,81,2052.326367
3.048443,81,2053.478594
3.341467,85,2054.631422
3.24423,84,2055.767168
3.116205,79,2056.906754
2.733322,76,2058.02207
2.909007,77,2059.184181
2.739607,78,2060.330418
3.103188,79,2061.462412
3.002888,78,2062.590353
2.832699,80,2063.76044
2.946716,79,2064.875824
3.221119,81,2066.011485
2.967121,78,2067.124844
2.945044,79,2068.294807
2.969221,79,2069.436678
2.927047,79,2070.621968
2.946716,79,2071.774153
2.938527,79,2072.915018
2.922323,78,2074.019276
2.950507,79,2075.195005
2.866317,79,2076.32638
2.972574,79,2077.44173
2.979748,79,2078.722966
2.837273,79,2079.835707
2.922541,78,2081.047265
2.94121,79,2082.188749
2.977701,79,2083.340377
2.739953,79,2084.534767
3.156143,81,2085.682305
2.942762,79,2086.807357
2.687025,79,2087.942618
2.950968,79,2089.08058
2.83847,79,2090.215382
2.995298,78,2091.320103
3.143632,79,2092.479115
3.034737,80,2093.652483
2.92511,79,2094.798191
2.955525,80,2095.925447
2.846008,79,2097.086977
3.040845,79,2098.262964
2.952969,79,2099.395769
2.96211,79,2100.571675
2.802853,79,2101.707663
2.90454,81,2102.826262
2.9749,79,2103.972776
2.936288,79,2105.163647
2.925926,79,2106.394147
2.973026,79,2107.514363
2.861404,78,2108.661787
2.952969,79,2109.931402
2.938356,79,2111.10644
2.918789,79,2112.249338
2.978738,79,2113.390937
2.964419,79,2114.538277
2.985208,79,2115.689543
2.909027,80,2116.834575
2.745232,79,2117.972693
2.97535,79,2119.209205
2.969921,79,2120.439178
2.94561,79,2121.594057
2.94778,77,2122.732844
2.986118,79,2123.87539
2.781413,79,2125.098888
2.974772,78,2126.239533
2.948833,79,2127.375787
2.783524,79,2128.507988
2.961533,79,2129.669484
2.960703,79,2130.82568
2.789831,79,2131.956901
2.973885,79,2133.128706
2.99483,79,2134.281514
2.811304,79,2135.409248
2.999743,79,2136.541606
3.009479,79,2137.247906
2.977108,79,2138.396618
2.82803,79,2139.553894
2.938356,79,2140.705003
2.873251,79,2141.842487
2.993864,81,2143.010728
2.983064,79,2144.276132
2.939612,79,2145.429311
2.939394,79,2146.62478
2.96142,79,2147.755329
2.93576,79,2148.881799
2.981408,80,2150.032613
2.973885,79,2151.247011
2.918789,79,2152.377585
2.762185,79,2153.519842
2.638445,79,2154.705484
2.824508,79,2155.862559
2.950507,79,2157.0441
2.969479,79,2158.188485
2.811304,79,2159.338444
3.12823,81,2160.534912
2.855829,78,2161.751489
2.781413,79,2162.926208
2.765732,79,2164.242908
2.674649,79,2165.386724
2.99483,79,2166.584261
2.951664,79,2167.736529
3.092993,80,2168.881544
2.859771,79,2170.097073
2.949855,79,2171.299289
2.735483,79,2172.540149
2.996527,79,2173.692236
2.902632,79,2174.862321
2.984227,79,2176.003313
2.911926,79,2177.157908
2.965112,78,2178.31142
2.849356,77,2179.433901
2.674649,79,2180.57441
2.838378,79,2181.688766
2.960577,79,2182.861757
2.986118,79,2184.046175
2.902313,80,2185.20196
2.94037,78,2186.324452
2.982221,80,2187.472066
2.974912,79,2188.605698
3.129175,81,2189.747736
2.840551,79,2190.903559
2.837517,77,2192.13929
2.920828,78,2193.302415
3.007134,77,2194.490737
2.929802,77,2195.652453
2.905787,77,2196.805868
3.33595,84,2198.036789
3.091078,84,2199.166767
3.000104,79,2200.362333
3.162328,82,2201.490637
3.012045,79,2202.602224
3.07696,81,2203.762253
3.126024,81,2204.905315
3.17993,82,2206.059096
3.302298,84,2207.181623
3.494134,87,2208.327355
3.36363,84,2209.502404
4.044568,95,2210.680066
2.849472,82,2211.812297
2.947874,79,2212.962931
2.95803,80,2214.111814
3.108226,79,2215.251834
3.01222,80,2216.402066
3.45521,85,2217.57385
3.017408,80,2218.750582
3.448451,83,2219.890507
2.798942,80,2221.093777
2.848463,80,2222.221218
3.017121,81,2223.408765
2.89927,78,2224.542289
2.956498,81,2225.669486
3.533185,86,2226.804949
2.968409,77,2227.935566
3.39072,86,2229.108011
3.325832,80,2230.275315
3.123941,83,2231.434904
3.210072,81,2232.613823
3.186318,84,2233.750868
3.206434,82,2234.900856
2.735348,81,2236.088151
3.176052,80,2237.24057
3.191651,82,2238.362744
3.095755,81,2239.510102
2.867908,81,2240.660089
3.274313,82,2241.793713
3.127427,80,2243.013723
2.932443,82,2244.148235
3.063212,85,2245.322496
2.703543,78,2246.473383
2.883484,78,2247.60292
2.948606,79,2248.816998
2.99988,80,2249.935274
3.153345,81,2251.094704
3.06032,80,2252.227124
2.993293,79,2253.36097
3.192153,82,2254.525064
3.023694,77,2255.637433
2.942123,78,2256.791944
2.992919,79,2258.021996
3.286858,83,2259.172164
2.86075,77,2260.306214
3.103713,84,2261.521835
2.793237,78,2262.658415
2.969221,79,2263.829512
2.899095,78,2264.973208
3.052621,81,2266.098125
2.972944,79,2267.21045
2.956,79,2268.353361
2.755223,76,2269.521799
3.000873,79,2270.654047
2.878898,79,2271.829854
2.950793,79,2273.011877
2.921921,79,2274.122848
2.951606,79,2275.312885
3.011857,78,2276.461873
2.781857,77,2277.605469
3.074346,81,2278.76485
2.902815,78,2279.874886
2.96352,79,2281.029368
2.943841,79,2282.175282
3.050275,80,2283.337283
2.867617,79,2284.465612
2.96142,79,2285.598792
2.674649,79,2286.728759
2.993967,81,2287.860968
3.160937,80,2288.981252
2.933995,79,2290.129951
2.722818,79,2291.273013
3.035247,79,2292.45937
3.147476,82,2293.589226
2.922711,79,2294.77695
3.021838,83,2295.912413
3.220279,81,2297.068592
2.971993,80,2298.198482
2.543156,78,2299.320981
3.009525,80,2300.455525
2.82388,79,2301.643598
2.845734,79,2302.781282
2.896298,78,2303.928689
2.676639,79,2305.046211
3.016794,79,2306.233619
2.835485,76,2307.363408
3.143451,80,2308.505666
2.948833,79,2309.707155
2.745232,79,2310.877208
2.964981,79,2312.013897
2.938527,79,2313.167122
2.965118,79,2314.326021
2.754639,79,2315.493242
2.958627,79,2316.801424
2.936416,80,2317.947678
2.956938,79,2319.173943
2.709898,79,2320.292885
2.949228,79,2321.425597
2.624298,80,2322.56195
2.839169,79,2323.695683
2.981133,79,2324.8326
2.964931,79,2325.960188
2.99972,79,2327.121555
2.680531,79,2328.258904
2.96211,79,2329.394311
2.947878,78,2330.542443
2.837273,79,2331.674999
3.03518,77,2332.812452
2.992995,79,2333.961487
2.964981,79,2335.136846
2.969807,79,2336.326357
3.153598,80,2337.461885
2.734733,80,2338.627878
2.827003,79,2339.807109
2.960703,79,2340.975981
3.073768,80,2342.114796
2.939617,79,2343.265212
2.948006,79,2344.45697
3.119697,80,2345.614163
3.002524,79,2346.741617
2.609936,77,2347.937145
3.18663,82,2349.085387
2.979748,79,2350.252396
2.965494,79,2351.377025
3.081751,80,2352.534097
3.042874,79,2353.700413
2.918692,79,2354.881993
3.257835,82,2356.003856
3.030351,80,2357.176965
2.762759,80,2358.344547
3.008624,80,2359.487169
2.681366,78,2360.625819
3.066815,82,2361.749773
3.479337,84,2362.883127
3.416462,83,2364.035467
2.813687,82,2365.181459
2.842592,77,2366.312466
3.005384,80,2367.429434
3.001235,79,2368.558823
3.012551,80,2369.716187
3.016006,82,2370.834837
2.66477,79,2371.954942
3.08878,79,2373.146689
3.206439,82,2374.286985
2.830833,78,2375.420646
2.882055,80,2376.659099
3.237863,81,2377.864854
3.293907,82,2379.102312
4.186949,93,2380.272193
4.235637,95,2381.477427
3.426585,84,2382.637241
4.396002,98,2383.812914
4.159857,95,2384.959526
3.597119,89,2386.12267
2.798859,80,2387.30891
4.201006,95,2388.485738
4.589262,103,2389.740436
4.14469,96,2390.903359
3.152359,84,2392.066651
3.981759,92,2393.240052
3.060354,79,2394.37765
3.374513,86,2395.559291
3.604942,90,2396.695452
5.539802,111,2397.888513
5.483993,109,2399.187439
4.610238,100,2400.41745
3.728333,88,2401.559038
4.610221,103,2402.757924
3.550134,87,2403.94336
3.903365,91,2405.106962
3.105463,79,2406.24062
3.850282,89,2407.396796
3.78979,89,2408.610794
3.294335,81,2409.846806
3.501114,89,2411.027555
2.723344,79,2412.213917
3.404268,86,2413.371979
3.968335,92,2414.572068
4.361149,95,2415.848397
5.461294,108,2417.069637
6.478176,124,2418.368237
5.994726,114,2419.58853
11.714619,499,2421.673505
15.402904,269,2423.191659
12.615314,189,2424.639884
6.650753,130,2425.872352
14.673048,199,2427.271379
6.981865,156,2428.661484
53.222606,739,2431.238916
19.028903,121,2432.579237
16.120204,214,2434.040475
10.616297,174,2435.434832
13.372935,224,2436.899668
16.111595,241,2438.367041
13.452393,235,2439.838762
21.923054,150,2441.284368
6.999347,183,2442.665746
18.097121,344,2444.39389
19.00896,147,2445.660288
10.766032,162,2447.07654
10.106233,158,2448.398373
11.462207,177,2449.772201
36.538497,369,2451.475343
29.815651,486,2453.520786
12.085467,173,2454.837741
9.746172,164,2456.145443
27.438213,42617,2546.118636
7.162716,130,2547.353689
7.974693,149,2548.682549
8.1605,136,2549.941766
9.600746,157,2551.236595
9.071821,164,2552.641331
3.779278,98,2553.864516
5.042822,106,2555.080823
4.701341,105,2556.298743
4.92393,106,2557.536223
4.361478,103,2558.730189
4.042719,92,2559.894222
6.419989,121,2561.11337
5.494667,110,2562.37477
7.470481,132,2563.594222
9.193033,162,2564.901101
8.85551,160,2566.212079
9.325026,169,2567.639081
58.478177,870,2570.388787
10.401325,176,2571.786066
5.626198,119,2573.076635
32.305552,30109,2635.085338
17.380736,224,2636.482169
12.08725,180,2637.802762
10.732809,168,2639.178207
10.921533,177,2640.486094
12.023804,211,2641.899033
53.236106,611,2644.049899
9.531984,157,2645.386367
11.898781,186,2646.741718
10.273281,245,2648.19281
16.87041,219,2649.591863
10.670835,173,2650.918857
11.773974,181,2652.258919
9.941609,162,2653.571347
13.461382,248,2655.04182
16.764262,276,2656.538819
26.765398,431,2658.391045
5.820854,123,2659.608555
6.142089,128,2660.84182
3.483758,89,2661.988641
7.434863,145,2663.302278
5.105625,114,2664.48601
6.35114,120,2665.771601
9.190367,148,2667.033723
7.982621,179,2668.356549
7.305653,134,2669.606784
5.885847,124,2670.803058
6.131265,147,2672.107585
14.50616,234,2673.540853
16.467124,224,2674.973592
6.512188,172,2676.284722
10.289204,256,2677.760141
6.99942,166,2679.086276
8.614254,235,2680.503246
13.735511,201,2681.873201
16.202376,226,2683.280996
13.858337,217,2684.698006
8.60883,240,2686.150414
8.009619,155,2687.421488
7.824714,150,2688.67372
7.523234,157,2689.939476
8.984608,160,2691.240265
5.331967,111,2692.449928
7.318777,128,2693.667124
7.04662,143,2694.926621
5.612726,113,2696.191477
3.67637,95,2697.347077
6.064315,119,2698.652203
4.37744,101,2699.843186
7.288132,133,2701.091401
5.725858,119,2702.347544
4.053335,94,2703.514359
5.681718,116,2704.721327
3.86061,96,2705.86547
9.922165,160,2707.158456
7.734167,137,2708.414888
6.108916,127,2709.686471
8.860665,155,2710.957297
5.920291,171,2712.276042
10.542554,168,2713.588775
9.495288,151,2714.856495
7.667148,162,2716.13883
9.524553,229,2717.537582
11.176612,181,2718.857028
16.876611,216,2720.28215
8.088393,163,2721.573674
53.632596,658,2723.837288
15.275629,205,2725.249373
51.760011,1013,2728.244335
9.199198,163,2729.528937
16.667945,208,2730.923774
8.083692,144,2732.180845
12.707079,235,2733.639999
21.735078,149,2734.921708
8.330679,162,2736.176026
9.469688,155,2737.479067
15.46845,225,2738.931517
27.569015,450,2740.790198
8.207635,145,2742.040579
7.902619,139,2743.290461
10.083582,178,2744.677969
6.583165,125,2745.926874
10.348042,163,2747.243438
9.51646,182,2748.657283
6.401588,127,2749.958376
12.870295,173,2751.277403
7.853367,158,2752.578457
5.861137,132,2753.852698
12.09597,221,2755.265495
15.786515,238,2756.701591
11.510163,175,2758.01035
11.240663,173,2759.345502
13.308645,191,2760.7093
9.166647,146,2761.958342
10.760345,163,2763.255718
6.870148,156,2764.570847
14.773222,231,2765.988021
18.027553,112,2767.166498
14.370829,240,2768.67419
9.405092,175,2769.991104
29.628942,337,2771.670047
9.205542,150,2772.942954
19.741768,242,2774.53121
17.964569,112,2775.77747
28.467918,351,2777.452957
12.398568,182,2778.777978
10.230669,179,2780.079465
6.849147,125,2781.293535
11.617681,177,2782.624304
7.334957,157,2783.907198
15.963091,235,2785.308705
10.652959,154,2786.607072
22.816147,194,2787.959892
15.291365,228,2789.357186
7.672449,161,2790.648481
19.742242,257,2792.119849
41.305214,903,2794.916543
11.137249,169,2796.207902
8.158939,154,2797.49213
9.832622,591,2799.664618
6.613337,153,2800.926576
7.503271,156,2802.198473
10.432224,171,2803.511877
15.798773,240,2804.957765
5.596192,144,2806.241335
24.745686,416,2808.041423
15.374239,229,2809.455503
7.281173,141,2810.686638
6.211598,159,2811.977681
14.812729,262,2813.536033
22.879415,225,2814.966442
109.895056,13670,2843.929532
3.542148,86,2845.103474
5.121407,107,2846.34447
5.904461,117,2847.579581
4.571087,101,2848.780456
6.454804,148,2850.040841
8.595545,154,2851.320038
7.939573,160,2852.616725
6.816744,147,2853.871478
15.49431,219,2855.255078
10.176793,155,2856.558395
5.088165,148,2857.829395
10.542552,167,2859.139822
12.202894,214,2860.559347
35.96953,646,2862.834252
14.926508,246,2864.276697
15.172829,237,2865.713237
4.562665,103,2866.888896
4.345822,105,2868.130162
9.558703,171,2869.484487
9.72537,200,2870.853726
4.305745,149,2872.148365
11.190185,537,2874.194831
14.641167,216,2875.593785
3.337914,240,2877.077548
7.489992,185,2878.389159
8.277014,150,2879.641752
10.156518,170,2881.010664
18.590797,229,2882.448908
13.883651,189,2883.788442
13.346168,214,2885.191063
17.612492,231,2886.611606
16.899059,213,2888.015731
21.723089,276,2889.540153
8.168678,167,2890.835796
23.280859,186,2892.198931
7.675611,146,2893.454335
17.896473,229,2894.887006
6.917435,137,2896.136542
33.611862,860,2898.791599
6.802698,150,2900.049584
18.902241,316,2901.641196
14.477647,209,2903.058246
7.67431,136,2904.277697
21.701526,350,2905.975414
18.864672,350,2907.648104
20.373569,141,2908.921795
15.071775,225,2910.416714
15.60684,220,2911.798887
18.744722,255,2913.270878
8.732687,154,2914.558841
17.812617,272,2916.080657
4.765224,141,2917.392347
13.915207,188,2918.752394
10.368875,188,2920.114447
4.698035,114,2921.343441
6.988233,158,2922.606564
15.766508,229,2924.027654
15.386964,210,2925.520004
21.715096,460,2927.454008
16.462439,233,2928.911113
14.079516,192,2930.358591
9.397222,158,2931.6945
20.182693,245,2933.154158
13.439856,199,2934.702613
13.726048,191,2936.063905
12.135625,183,2937.540848
16.979276,228,2938.982615
7.470257,146,2940.307733
8.208784,152,2941.667163
7.591542,159,2943.01516
7.438237,132,2944.295422
6.590573,123,2945.563546
9.285476,197,2946.999567
8.668351,243,2948.511163
15.501915,248,2950.045664
7.109228,162,2951.404332
13.76312,198,2952.790352
7.086176,152,2954.11929
8.590005,151,2955.410539
10.953356,163,2956.755647
9.526741,162,2958.075927
10.240147,164,2959.374233
10.068366,162,2960.761961
16.571195,211,2962.157391
17.675235,237,2963.648616
14.511436,220,2965.102839
9.404073,168,2966.419099
11.27378,170,2967.815236
8.830799,152,2969.178991
20.448955,255,2970.683279
14.234165,193,2972.067728
16.821905,215,2973.473917
5.115608,117,2974.6906
3.604762,139,2976.017294
14.510884,203,2977.467914
9.39059,150,2978.730632
7.290089,152,2980.041446
20.178646,244,2981.526298
18.214213,123,2982.799828
9.27779,159,2984.12476
9.684217,159,2985.464383
9.077977,154,2986.745305
13.671945,207,2988.266283
22.649056,270,2989.889438
30.118825,344,2991.629899
12.824117,207,2993.082061
9.295489,202,2994.491585
6.764108,133,2995.833946
16.096544,213,2997.231609
18.927264,277,2998.783077
14.727753,216,3000.242685
26.304561,460,3002.197525
9.823446,147,3003.500663
19.762122,242,3004.954322
9.633663,160,3006.265638
16.696035,242,3007.771759
11.798622,217,3009.164341
29.171603,463,3011.091436
18.82834,163,3012.456113
13.668168,187,3013.922399
10.193501,204,3015.333707
6.153271,164,3016.672485
22.281076,372,3018.483051
16.66916,237,3020.031707
11.83944,177,3021.380453
19.993901,184,3022.76779
8.397409,152,3024.11284
11.41634,176,3025.428575
13.79199,185,3026.779922
21.988809,197,3028.184319
17.637282,424,3030.068378
17.226828,232,3031.568083
6.229782,140,3032.941857
5.699074,122,3034.239578
4.241832,91,3035.419695
5.914239,113,3036.705181
6.111848,116,3037.919788
8.088404,151,3039.236339
8.450522,161,3040.596602
10.843378,164,3041.940182
15.354858,197,3043.311817
6.766626,128,3044.583147
9.787747,195,3045.987769
5.772173,109,3047.224838
6.367593,117,3048.409004
10.13685,155,3049.704192
4.756707,102,3050.862999
5.055301,103,3052.06197
7.574153,129,3053.328665
5.777879,114,3054.554718
7.259344,130,3055.797069
8.500613,147,3057.148459
7.987791,157,3058.45195
11.75878,187,3059.82079
7.940831,153,3061.088202
9.724508,158,3062.384323
25.590986,190,3063.74812
17.98531,264,3065.314594
12.347413,178,3066.659948
14.567118,275,3068.348928
9.827417,156,3069.681613
13.585015,188,3071.038106
7.26028,154,3072.323618
25.397436,308,3073.918033
6.541157,161,3075.201309
18.712718,238,3076.671448
13.732926,195,3078.031147
12.46581,175,3079.443398
10.093816,173,3080.814506
17.448292,223,3082.236864
15.514643,201,3083.656065
11.174179,170,3084.977223
11.521987,193,3086.339917
5.237131,106,3087.577176
5.736546,109,3088.845463
10.725192,171,3090.172156
4.368607,99,3091.432173
5.742788,114,3092.620864
6.868992,146,3093.918381
13.771595,193,3095.328237
6.753795,126,3096.586878
8.752979,152,3097.940442
8.636655,155,3099.244402
23.39013,169,3100.5916
12.176676,179,3102.02817
13.07437,189,3103.448492
9.502806,168,3104.781313
15.54592,221,3106.263832
13.263947,186,3107.641271
8.266978,157,3108.993103
21.533532,273,3110.583696
26.461028,203,3111.961572
7.674869,147,3113.314014
19.71765,386,3115.160233
15.847739,201,3116.583585
7.731479,130,3117.875599
9.784608,155,3119.130386
12.8463,263,3120.640248
5.502495,114,3121.837289
8.26838,140,3123.110806
10.403229,168,3124.544908
10.274093,163,3125.86745
9.250248,147,3127.201617
20.282357,289,3128.784535
6.304337,116,3130.121324
9.850924,160,3131.4345
10.32929,181,3132.765343
4.299391,93,3133.921502
10.930613,163,3135.234643
6.632541,120,3136.478579
5.452703,109,3137.737145
5.568497,113,3138.999604
6.256835,135,3140.241548
5.838574,113,3141.444363
4.438031,96,3142.633277
6.953802,119,3143.830013
5.695202,110,3145.03305
4.859156,103,3146.233913
4.399614,94,3147.397445
5.922493,123,3148.594129
13.957231,180,3149.941935
7.823283,160,3151.236575
10.381922,164,3152.536704
8.740335,143,3153.8234
5.882685,111,3154.995516
9.632754,159,3156.333896
7.147179,124,3157.613425
12.723324,172,3158.933363
10.884067,183,3160.287704
13.479042,195,3161.660377
6.927681,127,3162.928802
10.546774,168,3164.240991
7.356019,162,3165.572603
15.987885,219,3167.075505
13.570873,191,3168.431896
18.584922,249,3169.91858
24.459908,333,3171.590899
5.865068,110,3172.809427
4.508644,100,3174.0048
4.631669,101,3175.204655
5.023268,104,3176.403699
8.8126,154,3177.78108
7.194036,134,3179.082464
7.188745,131,3180.325449
7.88871,148,3181.619053
4.407479,94,3182.779343
7.697116,131,3184.050876
4.928624,99,3185.244796
5.575569,113,3186.607014
5.70982,110,3187.858287
10.046248,166,3189.190789
9.028033,155,3190.470739
18.925688,277,3192.055715
17.249505,324,3193.664759
8.535523,154,3194.944242
9.375434,159,3196.24887
8.47361,142,3197.540589
10.334587,156,3198.856405
15.162598,196,3200.30887
8.694609,186,3201.747739
14.513491,196,3203.13613
12.342406,183,3204.483531
24.853605,349,3206.174654
4.8377,101,3207.371022
8.54856,139,3208.615065
5.345838,114,3209.82081
16.983458,232,3211.339803
4.503762,94,3212.507139
9.64558,154,3213.815219
16.992951,404,3215.619464
8.802837,275,3217.166223
7.424396,130,3218.381132
5.899651,111,3219.568116
10.27543,169,3220.9146
12.85356,178,3222.268826
5.506779,108,3223.432448
6.811109,121,3224.769097
6.202753,115,3225.970966
8.461573,165,3227.32838
10.071192,162,3228.644216
5.314886,105,3229.844422
6.80783,124,3231.139981
8.57442,150,3232.461494
15.62317,231,3233.948137
7.517126,145,3235.23256
8.668722,154,3236.614636
7.565067,132,3237.88752
8.592461,147,3239.183499
9.114141,160,3240.509268
9.207535,171,3241.801581
8.936221,150,3243.062844
9.40282,159,3244.378305
15.247487,198,3245.793835
6.422566,127,3247.044627
9.709372,155,3248.333531
16.833528,216,3249.753779
11.854164,169,3251.079837
20.675752,270,3252.604862
17.703707,223,3253.531402
8.889147,147,3254.849194
15.056604,197,3256.228355
6.294274,125,3257.451214
16.537712,215,3258.874386
12.381751,176,3260.288556
6.446162,119,3261.583588
19.012503,238,3263.065401
19.006066,223,3264.589988
21.807153,257,3266.117583
5.117322,102,3267.318049
27.088996,422,3269.145028
19.603536,231,3270.678535
11.849711,215,3272.081522
17.833154,332,3273.746352
8.297705,139,3275.083228
12.408185,179,3276.546801
13.313118,232,3278.031977
17.812241,217,3279.569977
4.946689,97,3280.780833
11.04409,170,3282.144174
16.37433,216,3283.601977
5.625926,108,3284.811808
4.762183,116,3286.034274
7.843175,143,3287.479671
8.901688,143,3288.81805
18.59368,228,3290.278539
16.614859,218,3291.84549
14.475206,202,3293.251304
11.682976,173,3294.635586
9.002493,146,3295.876334
7.542382,132,3297.122339
13.156347,189,3298.445055
8.909099,149,3299.725355
5.476162,107,3300.937833
7.354178,130,3302.211701
5.867695,117,3303.435394
16.659934,211,3304.904143
18.261951,228,3306.326521
9.092155,159,3307.608324
10.608356,170,3308.950399
10.770231,164,3310.287219
8.027871,133,3311.524201
14.486427,194,3312.92729
23.758318,275,3314.472247
23.312493,190,3315.815585
8.452609,149,3317.099693
11.5248,175,3318.47965
23.454669,304,3320.088542
12.914244,203,3321.460548
7.678246,151,3322.728919
8.933905,146,3324.019227
11.398813,185,3325.398975
26.014435,195,3326.83015
8.867254,153,3328.166614
8.590762,134,3329.441142
24.336186,277,3331.047676
16.875814,260,3332.603935
13.071846,185,3333.943553
8.595312,145,3335.185114
9.600037,162,3336.506235
6.519584,118,3337.7528
15.701791,208,3339.16555
14.067625,196,3340.551231
5.016413,106,3341.736083
7.277495,155,3343.07373
4.178016,95,3344.238068
9.623032,157,3345.559806
4.428253,97,3346.723595
4.478756,97,3347.909283
8.267662,153,3349.212876
6.1832,122,3350.457497
8.31492,143,3351.697181
4.450431,97,3352.900311
3.365503,90,3354.04195
12.284761,177,3355.426757
17.913938,231,3356.872888
8.23703,148,3358.142637
17.300917,224,3359.53524
15.597165,233,3361.01203
8.954805,163,3362.297028
10.068118,175,3363.667437
22.968075,294,3365.24335
18.8275,271,3366.817909
17.03739,243,3368.372389
10.344439,199,3369.758154
22.762025,339,3371.465917
13.807574,191,3372.93207
6.017433,155,3374.266682
26.002877,262,3375.797373
3.810453,94,3377.050344
13.022374,227,3378.519137
16.184305,216,3379.956115
22.162124,276,3381.558714
8.244126,144,3382.843267
7.099755,130,3384.056958
9.320634,172,3385.448823
19.178433,142,3386.747285
12.140782,191,3388.104145
15.378137,237,3389.557574
8.58637,166,3390.867251
9.04904,149,3392.156892
4.585525,104,3393.348657
13.901725,207,3394.746681
20.230456,320,3396.405263
11.968275,175,3397.736762
6.990193,145,3399.016706
16.637583,210,3400.417377
5.215807,147,3401.693003
10.912225,169,3403.008305
16.29535,213,3404.386319
7.249404,134,3405.73828
20.954374,171,3407.071627
19.428845,371,3408.812961
20.976932,159,3410.109253
11.37943,181,3411.515188
8.992516,242,3413.036714
13.865282,264,3414.613483
10.144639,247,3416.147926
8.892817,155,3417.450314
5.70718,122,3418.766466
13.196428,250,3420.310298
22.430569,362,3422.030844
17.484189,252,3423.568616
22.221447,283,3425.163369
32.687232,411,3427.004237
17.107802,237,3427.982139
25.309432,296,3429.594878
19.875292,245,3431.065449
19.226084,240,3432.554122
8.543299,165,3433.942137
18.495185,227,3435.415741
14.947978,219,3436.838036
14.373662,273,3438.404113
18.425143,226,3439.908567
16.44644,220,3441.413725
12.110849,168,3442.728415
7.65765,157,3444.030228
25.001622,324,3445.709311
11.580725,197,3447.09026
15.611137,214,3448.664146
7.3849,160,3450.052024
9.147438,143,3451.370348
6.655377,147,3452.772102
7.548451,135,3454.214421
12.106437,182,3455.571068
4.019146,110,3456.964369
9.468883,157,3458.260038
7.605698,154,3459.629568
10.10715,187,3461.000431
11.18766,171,3462.334529
10.43658,165,3463.721071
11.890428,173,3465.071941
18.003537,243,3466.567296
27.011402,400,3468.432442
14.237763,195,3469.889479
5.646622,112,3471.140293
20.730765,242,3472.605444
19.960943,136,3473.862927
19.431869,235,3475.362711
8.702993,146,3476.701428
25.412235,185,3478.094019
25.202754,315,3479.688267
8.841729,150,3481.013976
6.832492,123,3482.237653
13.428347,185,3483.56962
12.761743,195,3484.97537
10.50791,186,3486.289949
7.526999,155,3487.617569
15.71555,202,3489.035459
8.530789,152,3490.383841
9.135584,177,3491.695386
19.945689,132,3492.992042
15.571306,214,3494.378824
14.318425,248,3495.848795
15.584367,206,3497.243949
16.280842,228,3498.687804
16.055159,214,3500.21616
4.075169,94,3501.40829
16.424957,249,3502.912452
19.434281,262,3504.514913
20.515409,252,3506.047328
6.933887,146,3507.3264
9.444067,155,3508.606864
13.123224,205,3509.975546
7.403017,149,3511.294955
6.929483,147,3512.563745
5.872874,149,3513.845
19.601624,258,3515.322606
8.674816,152,3516.609366
